"time","tank1.h","tank2.h","der(tank1.h)","der(tank2.h)","tank2.Q1","tank2.T","tank1.Qo","tank1.flowConnect.F","tank2.flowConnect.F"
0,0,0,2,0,0,10000000,0,0,0
0.002,0.004,0,2,0,0,10000000,0,0,0
0.004,0.008,0,2,0,0,10000000,0,0,0
0.006,0.012,0,2,0,0,10000000,0,0,0
0.008,0.016,0,2,0,0,10000000,0,0,0
0.01,0.02,0,2,0,0,10000000,0,0,0
0.012,0.024,0,2,0,0,10000000,0,0,0
0.014,0.028,0,2,0,0,10000000,0,0,0
0.016,0.032,0,2,0,0,10000000,0,0,0
0.018,0.036,0,2,0,0,10000000,0,0,0
0.02,0.04,0,2,0,0,10000000,0,0,0
0.022,0.044,0,2,0,0,10000000,0,0,0
0.024,0.048,0,2,0,0,10000000,0,0,0
0.026,0.052,0,2,0,0,10000000,0,0,0
0.028,0.056,0,2,0,0,10000000,0,0,0
0.03,0.06,0,2,0,0,10000000,0,0,0
0.032,0.064,0,2,0,0,10000000,0,0,0
0.034,0.068,0,2,0,0,10000000,0,0,0
0.036,0.07199999999999999,0,2,0,0,10000000,0,0,0
0.038,0.076,0,2,0,0,10000000,0,0,0
0.04,0.08,0,2,0,0,10000000,0,0,0
0.042,0.08400000000000001,0,2,0,0,10000000,0,0,0
0.044,0.08799999999999999,0,2,0,0,10000000,0,0,0
0.046,0.092,0,2,0,0,10000000,0,0,0
0.048,0.096,0,2,0,0,10000000,0,0,0
0.05,0.1,0,2,0,0,10000000,0,0,0
0.052,0.104,0,2,0,0,10000000,0,0,0
0.054,0.108,0,2,0,0,10000000,0,0,0
0.056,0.112,0,2,0,0,10000000,0,0,0
0.058,0.116,0,2,0,0,10000000,0,0,0
0.06,0.12,0,2,0,0,10000000,0,0,0
0.062,0.124,0,2,0,0,10000000,0,0,0
0.064,0.128,0,2,0,0,10000000,0,0,0
0.066,0.132,0,2,0,0,10000000,0,0,0
0.068,0.136,0,2,0,0,10000000,0,0,0
0.07000000000000001,0.14,0,2,0,0,10000000,0,0,0
0.07199999999999999,0.144,0,2,0,0,10000000,0,0,0
0.074,0.148,0,2,0,0,10000000,0,0,0
0.076,0.152,0,2,0,0,10000000,0,0,0
0.078,0.156,0,2,0,0,10000000,0,0,0
0.08,0.16,0,2,0,0,10000000,0,0,0
0.082,0.164,0,2,0,0,10000000,0,0,0
0.08400000000000001,0.168,0,2,0,0,10000000,0,0,0
0.08599999999999999,0.172,0,2,0,0,10000000,0,0,0
0.08799999999999999,0.176,0,2,0,0,10000000,0,0,0
0.09,0.18,0,2,0,0,10000000,0,0,0
0.092,0.184,0,2,0,0,10000000,0,0,0
0.094,0.188,0,2,0,0,10000000,0,0,0
0.096,0.192,0,2,0,0,10000000,0,0,0
0.098,0.196,0,2,0,0,10000000,0,0,0
0.1,0.2,0,2,0,0,10000000,0,0,0
0.102,0.204,0,2,0,0,10000000,0,0,0
0.104,0.208,0,2,0,0,10000000,0,0,0
0.106,0.212,0,2,0,0,10000000,0,0,0
0.108,0.216,0,2,0,0,10000000,0,0,0
0.11,0.22,0,2,0,0,10000000,0,0,0
0.112,0.224,0,2,0,0,10000000,0,0,0
0.114,0.228,0,2,0,0,10000000,0,0,0
0.116,0.232,0,2,0,0,10000000,0,0,0
0.118,0.236,0,2,0,0,10000000,0,0,0
0.12,0.24,0,2,0,0,10000000,0,0,0
0.122,0.244,0,2,0,0,10000000,0,0,0
0.124,0.248,0,2,0,0,10000000,0,0,0
0.126,0.252,0,2,0,0,10000000,0,0,0
0.128,0.256,0,2,0,0,10000000,0,0,0
0.13,0.26,0,2,0,0,10000000,0,0,0
0.132,0.264,0,2,0,0,10000000,0,0,0
0.134,0.268,0,2,0,0,10000000,0,0,0
0.136,0.272,0,2,0,0,10000000,0,0,0
0.138,0.276,0,2,0,0,10000000,0,0,0
0.14,0.28,0,2,0,0,10000000,0,0,0
0.142,0.284,0,2,0,0,10000000,0,0,0
0.144,0.288,0,2,0,0,10000000,0,0,0
0.146,0.292,0,2,0,0,10000000,0,0,0
0.148,0.296,0,2,0,0,10000000,0,0,0
0.15,0.3,0,2,0,0,10000000,0,0,0
0.152,0.304,0,2,0,0,10000000,0,0,0
0.154,0.308,0,2,0,0,10000000,0,0,0
0.156,0.312,0,2,0,0,10000000,0,0,0
0.158,0.316,0,2,0,0,10000000,0,0,0
0.16,0.32,0,2,0,0,10000000,0,0,0
0.162,0.324,0,2,0,0,10000000,0,0,0
0.164,0.328,0,2,0,0,10000000,0,0,0
0.166,0.332,0,2,0,0,10000000,0,0,0
0.168,0.336,0,2,0,0,10000000,0,0,0
0.17,0.34,0,2,0,0,10000000,0,0,0
0.172,0.344,0,2,0,0,10000000,0,0,0
0.174,0.348,0,2,0,0,10000000,0,0,0
0.176,0.352,0,2,0,0,10000000,0,0,0
0.178,0.356,0,2,0,0,10000000,0,0,0
0.18,0.36,0,2,0,0,10000000,0,0,0
0.182,0.364,0,2,0,0,10000000,0,0,0
0.184,0.368,0,2,0,0,10000000,0,0,0
0.186,0.372,0,2,0,0,10000000,0,0,0
0.188,0.376,0,2,0,0,10000000,0,0,0
0.19,0.38,0,2,0,0,10000000,0,0,0
0.192,0.384,0,2,0,0,10000000,0,0,0
0.194,0.388,0,2,0,0,10000000,0,0,0
0.196,0.392,0,2,0,0,10000000,0,0,0
0.198,0.396,0,2,0,0,10000000,0,0,0
0.2,0.4,0,2,0,0,10000000,0,0,0
0.202,0.404,0,2,0,0,10000000,0,0,0
0.204,0.408,0,2,0,0,10000000,0,0,0
0.206,0.412,0,2,0,0,10000000,0,0,0
0.208,0.416,0,2,0,0,10000000,0,0,0
0.21,0.42,0,2,0,0,10000000,0,0,0
0.212,0.424,0,2,0,0,10000000,0,0,0
0.214,0.428,0,2,0,0,10000000,0,0,0
0.216,0.432,0,2,0,0,10000000,0,0,0
0.218,0.436,0,2,0,0,10000000,0,0,0
0.22,0.44,0,2,0,0,10000000,0,0,0
0.222,0.444,0,2,0,0,10000000,0,0,0
0.224,0.448,0,2,0,0,10000000,0,0,0
0.226,0.452,0,2,0,0,10000000,0,0,0
0.228,0.456,0,2,0,0,10000000,0,0,0
0.23,0.46,0,2,0,0,10000000,0,0,0
0.232,0.464,0,2,0,0,10000000,0,0,0
0.234,0.468,0,2,0,0,10000000,0,0,0
0.236,0.472,0,2,0,0,10000000,0,0,0
0.238,0.476,0,2,0,0,10000000,0,0,0
0.24,0.48,0,2,0,0,10000000,0,0,0
0.242,0.484,0,2,0,0,10000000,0,0,0
0.244,0.488,0,2,0,0,10000000,0,0,0
0.246,0.492,0,2,0,0,10000000,0,0,0
0.248,0.496,0,2,0,0,10000000,0,0,0
0.25,0.5,0,2,0,0,10000000,0,0,0
0.252,0.504,0,2,0,0,10000000,0,0,0
0.254,0.508,0,2,0,0,10000000,0,0,0
0.256,0.512,0,2,0,0,10000000,0,0,0
0.258,0.516,0,2,0,0,10000000,0,0,0
0.26,0.52,0,2,0,0,10000000,0,0,0
0.262,0.524,0,2,0,0,10000000,0,0,0
0.264,0.528,0,2,0,0,10000000,0,0,0
0.266,0.532,0,2,0,0,10000000,0,0,0
0.268,0.536,0,2,0,0,10000000,0,0,0
0.27,0.54,0,2,0,0,10000000,0,0,0
0.272,0.544,0,2,0,0,10000000,0,0,0
0.274,0.548,0,2,0,0,10000000,0,0,0
0.276,0.552,0,2,0,0,10000000,0,0,0
0.278,0.556,0,2,0,0,10000000,0,0,0
0.28,0.5600000000000001,0,2,0,0,10000000,0,0,0
0.282,0.5639999999999999,0,2,0,0,10000000,0,0,0
0.284,0.5679999999999999,0,2,0,0,10000000,0,0,0
0.286,0.572,0,2,0,0,10000000,0,0,0
0.288,0.576,0,2,0,0,10000000,0,0,0
0.29,0.58,0,2,0,0,10000000,0,0,0
0.292,0.584,0,2,0,0,10000000,0,0,0
0.294,0.588,0,2,0,0,10000000,0,0,0
0.296,0.592,0,2,0,0,10000000,0,0,0
0.298,0.596,0,2,0,0,10000000,0,0,0
0.3,0.6,0,2,0,0,10000000,0,0,0
0.302,0.604,0,2,0,0,10000000,0,0,0
0.304,0.608,0,2,0,0,10000000,0,0,0
0.306,0.612,0,2,0,0,10000000,0,0,0
0.308,0.616,0,2,0,0,10000000,0,0,0
0.31,0.62,0,2,0,0,10000000,0,0,0
0.312,0.624,0,2,0,0,10000000,0,0,0
0.314,0.628,0,2,0,0,10000000,0,0,0
0.316,0.632,0,2,0,0,10000000,0,0,0
0.318,0.636,0,2,0,0,10000000,0,0,0
0.32,0.64,0,2,0,0,10000000,0,0,0
0.322,0.644,0,2,0,0,10000000,0,0,0
0.324,0.648,0,2,0,0,10000000,0,0,0
0.326,0.652,0,2,0,0,10000000,0,0,0
0.328,0.656,0,2,0,0,10000000,0,0,0
0.33,0.66,0,2,0,0,10000000,0,0,0
0.332,0.664,0,2,0,0,10000000,0,0,0
0.334,0.668,0,2,0,0,10000000,0,0,0
0.336,0.672,0,2,0,0,10000000,0,0,0
0.338,0.676,0,2,0,0,10000000,0,0,0
0.34,0.68,0,2,0,0,10000000,0,0,0
0.342,0.6840000000000001,0,2,0,0,10000000,0,0,0
0.344,0.6879999999999999,0,2,0,0,10000000,0,0,0
0.346,0.6919999999999999,0,2,0,0,10000000,0,0,0
0.348,0.696,0,2,0,0,10000000,0,0,0
0.35,0.7,0,2,0,0,10000000,0,0,0
0.352,0.704,0,2,0,0,10000000,0,0,0
0.354,0.708,0,2,0,0,10000000,0,0,0
0.356,0.712,0,2,0,0,10000000,0,0,0
0.358,0.716,0,2,0,0,10000000,0,0,0
0.36,0.72,0,2,0,0,10000000,0,0,0
0.362,0.724,0,2,0,0,10000000,0,0,0
0.364,0.728,0,2,0,0,10000000,0,0,0
0.366,0.732,0,2,0,0,10000000,0,0,0
0.368,0.736,0,2,0,0,10000000,0,0,0
0.37,0.74,0,2,0,0,10000000,0,0,0
0.372,0.744,0,2,0,0,10000000,0,0,0
0.374,0.748,0,2,0,0,10000000,0,0,0
0.376,0.752,0,2,0,0,10000000,0,0,0
0.378,0.756,0,2,0,0,10000000,0,0,0
0.38,0.76,0,2,0,0,10000000,0,0,0
0.382,0.764,0,2,0,0,10000000,0,0,0
0.384,0.768,0,2,0,0,10000000,0,0,0
0.386,0.772,0,2,0,0,10000000,0,0,0
0.388,0.776,0,2,0,0,10000000,0,0,0
0.39,0.78,0,2,0,0,10000000,0,0,0
0.392,0.784,0,2,0,0,10000000,0,0,0
0.394,0.788,0,2,0,0,10000000,0,0,0
0.396,0.792,0,2,0,0,10000000,0,0,0
0.398,0.796,0,2,0,0,10000000,0,0,0
0.4,0.8,0,2,0,0,10000000,0,0,0
0.402,0.804,0,2,0,0,10000000,0,0,0
0.404,0.8080000000000001,0,2,0,0,10000000,0,0,0
0.406,0.8120000000000001,0,2,0,0,10000000,0,0,0
0.408,0.8159999999999999,0,2,0,0,10000000,0,0,0
0.41,0.82,0,2,0,0,10000000,0,0,0
0.412,0.824,0,2,0,0,10000000,0,0,0
0.414,0.828,0,2,0,0,10000000,0,0,0
0.416,0.832,0,2,0,0,10000000,0,0,0
0.418,0.836,0,2,0,0,10000000,0,0,0
0.42,0.84,0,2,0,0,10000000,0,0,0
0.422,0.844,0,2,0,0,10000000,0,0,0
0.424,0.848,0,2,0,0,10000000,0,0,0
0.426,0.852,0,2,0,0,10000000,0,0,0
0.428,0.856,0,2,0,0,10000000,0,0,0
0.43,0.86,0,2,0,0,10000000,0,0,0
0.432,0.864,0,2,0,0,10000000,0,0,0
0.434,0.868,0,2,0,0,10000000,0,0,0
0.436,0.872,0,2,0,0,10000000,0,0,0
0.438,0.876,0,2,0,0,10000000,0,0,0
0.44,0.88,0,2,0,0,10000000,0,0,0
0.442,0.884,0,2,0,0,10000000,0,0,0
0.444,0.888,0,2,0,0,10000000,0,0,0
0.446,0.892,0,2,0,0,10000000,0,0,0
0.448,0.896,0,2,0,0,10000000,0,0,0
0.45,0.9,0,2,0,0,10000000,0,0,0
0.452,0.904,0,2,0,0,10000000,0,0,0
0.454,0.908,0,2,0,0,10000000,0,0,0
0.456,0.912,0,2,0,0,10000000,0,0,0
0.458,0.916,0,2,0,0,10000000,0,0,0
0.46,0.92,0,2,0,0,10000000,0,0,0
0.462,0.924,0,2,0,0,10000000,0,0,0
0.464,0.928,0,2,0,0,10000000,0,0,0
0.466,0.9320000000000001,0,2,0,0,10000000,0,0,0
0.468,0.9360000000000001,0,2,0,0,10000000,0,0,0
0.47,0.9399999999999999,0,2,0,0,10000000,0,0,0
0.472,0.944,0,2,0,0,10000000,0,0,0
0.474,0.948,0,2,0,0,10000000,0,0,0
0.476,0.952,0,2,0,0,10000000,0,0,0
0.478,0.956,0,2,0,0,10000000,0,0,0
0.48,0.96,0,2,0,0,10000000,0,0,0
0.482,0.964,0,2,0,0,10000000,0,0,0
0.484,0.968,0,2,0,0,10000000,0,0,0
0.486,0.972,0,2,0,0,10000000,0,0,0
0.488,0.976,0,2,0,0,10000000,0,0,0
0.49,0.98,0,2,0,0,10000000,0,0,0
0.492,0.984,0,2,0,0,10000000,0,0,0
0.494,0.988,0,2,0,0,10000000,0,0,0
0.496,0.992,0,2,0,0,10000000,0,0,0
0.498,0.996,0,2,0,0,10000000,0,0,0
0.5,1,0,2,0,0,10000000,0,0,0
0.502,1.004,0,2,0,0,10000000,0,0,0
0.504,1.008,0,2,0,0,10000000,0,0,0
0.506,1.012,0,2,0,0,10000000,0,0,0
0.508,1.016,0,2,0,0,10000000,0,0,0
0.51,1.02,0,2,0,0,10000000,0,0,0
0.512,1.024,0,2,0,0,10000000,0,0,0
0.514,1.028,0,2,0,0,10000000,0,0,0
0.516,1.032,0,2,0,0,10000000,0,0,0
0.518,1.036,0,2,0,0,10000000,0,0,0
0.52,1.04,0,2,0,0,10000000,0,0,0
0.522,1.044,0,2,0,0,10000000,0,0,0
0.524,1.048,0,2,0,0,10000000,0,0,0
0.526,1.052,0,2,0,0,10000000,0,0,0
0.528,1.056,0,2,0,0,10000000,0,0,0
0.53,1.06,0,2,0,0,10000000,0,0,0
0.532,1.064,0,2,0,0,10000000,0,0,0
0.534,1.068,0,2,0,0,10000000,0,0,0
0.536,1.072,0,2,0,0,10000000,0,0,0
0.538,1.076,0,2,0,0,10000000,0,0,0
0.54,1.08,0,2,0,0,10000000,0,0,0
0.542,1.084,0,2,0,0,10000000,0,0,0
0.544,1.088,0,2,0,0,10000000,0,0,0
0.546,1.092,0,2,0,0,10000000,0,0,0
0.548,1.096,0,2,0,0,10000000,0,0,0
0.55,1.1,0,2,0,0,10000000,0,0,0
0.552,1.104,0,2,0,0,10000000,0,0,0
0.554,1.108,0,2,0,0,10000000,0,0,0
0.556,1.112,0,2,0,0,10000000,0,0,0
0.5580000000000001,1.116,0,2,0,0,10000000,0,0,0
0.5600000000000001,1.12,0,2,0,0,10000000,0,0,0
0.5620000000000001,1.124,0,2,0,0,10000000,0,0,0
0.5639999999999999,1.128,0,2,0,0,10000000,0,0,0
0.5659999999999999,1.132,0,2,0,0,10000000,0,0,0
0.5679999999999999,1.136,0,2,0,0,10000000,0,0,0
0.57,1.14,0,2,0,0,10000000,0,0,0
0.572,1.144,0,2,0,0,10000000,0,0,0
0.574,1.148,0,2,0,0,10000000,0,0,0
0.576,1.152,0,2,0,0,10000000,0,0,0
0.578,1.156,0,2,0,0,10000000,0,0,0
0.58,1.16,0,2,0,0,10000000,0,0,0
0.582,1.164,0,2,0,0,10000000,0,0,0
0.584,1.168,0,2,0,0,10000000,0,0,0
0.586,1.172,0,2,0,0,10000000,0,0,0
0.588,1.176,0,2,0,0,10000000,0,0,0
0.59,1.18,0,2,0,0,10000000,0,0,0
0.592,1.184,0,2,0,0,10000000,0,0,0
0.594,1.188,0,2,0,0,10000000,0,0,0
0.596,1.192,0,2,0,0,10000000,0,0,0
0.598,1.196,0,2,0,0,10000000,0,0,0
0.6,1.2,0,2,0,0,10000000,0,0,0
0.602,1.204,0,2,0,0,10000000,0,0,0
0.604,1.208,0,2,0,0,10000000,0,0,0
0.606,1.212,0,2,0,0,10000000,0,0,0
0.608,1.216,0,2,0,0,10000000,0,0,0
0.61,1.22,0,2,0,0,10000000,0,0,0
0.612,1.224,0,2,0,0,10000000,0,0,0
0.614,1.228,0,2,0,0,10000000,0,0,0
0.616,1.232,0,2,0,0,10000000,0,0,0
0.618,1.236,0,2,0,0,10000000,0,0,0
0.62,1.24,0,2,0,0,10000000,0,0,0
0.622,1.244,0,2,0,0,10000000,0,0,0
0.624,1.248,0,2,0,0,10000000,0,0,0
0.626,1.252,0,2,0,0,10000000,0,0,0
0.628,1.256,0,2,0,0,10000000,0,0,0
0.63,1.26,0,2,0,0,10000000,0,0,0
0.632,1.264,0,2,0,0,10000000,0,0,0
0.634,1.268,0,2,0,0,10000000,0,0,0
0.636,1.272,0,2,0,0,10000000,0,0,0
0.638,1.276,0,2,0,0,10000000,0,0,0
0.64,1.28,0,2,0,0,10000000,0,0,0
0.642,1.284,0,2,0,0,10000000,0,0,0
0.644,1.288,0,2,0,0,10000000,0,0,0
0.646,1.292,0,2,0,0,10000000,0,0,0
0.648,1.296,0,2,0,0,10000000,0,0,0
0.65,1.3,0,2,0,0,10000000,0,0,0
0.652,1.304,0,2,0,0,10000000,0,0,0
0.654,1.308,0,2,0,0,10000000,0,0,0
0.656,1.312,0,2,0,0,10000000,0,0,0
0.658,1.316,0,2,0,0,10000000,0,0,0
0.66,1.32,0,2,0,0,10000000,0,0,0
0.662,1.324,0,2,0,0,10000000,0,0,0
0.664,1.328,0,2,0,0,10000000,0,0,0
0.666,1.332,0,2,0,0,10000000,0,0,0
0.668,1.336,0,2,0,0,10000000,0,0,0
0.67,1.34,0,2,0,0,10000000,0,0,0
0.672,1.344,0,2,0,0,10000000,0,0,0
0.674,1.348,0,2,0,0,10000000,0,0,0
0.676,1.352,0,2,0,0,10000000,0,0,0
0.678,1.356,0,2,0,0,10000000,0,0,0
0.68,1.36,0,2,0,0,10000000,0,0,0
0.6820000000000001,1.364,0,2,0,0,10000000,0,0,0
0.6840000000000001,1.368,0,2,0,0,10000000,0,0,0
0.6860000000000001,1.372,0,2,0,0,10000000,0,0,0
0.6879999999999999,1.376,0,2,0,0,10000000,0,0,0
0.6899999999999999,1.38,0,2,0,0,10000000,0,0,0
0.6919999999999999,1.384,0,2,0,0,10000000,0,0,0
0.694,1.388,0,2,0,0,10000000,0,0,0
0.696,1.392,0,2,0,0,10000000,0,0,0
0.698,1.396,0,2,0,0,10000000,0,0,0
0.7,1.4,0,2,0,0,10000000,0,0,0
0.702,1.404,0,2,0,0,10000000,0,0,0
0.704,1.408,0,2,0,0,10000000,0,0,0
0.706,1.412,0,2,0,0,10000000,0,0,0
0.708,1.416,0,2,0,0,10000000,0,0,0
0.71,1.42,0,2,0,0,10000000,0,0,0
0.712,1.424,0,2,0,0,10000000,0,0,0
0.714,1.428,0,2,0,0,10000000,0,0,0
0.716,1.432,0,2,0,0,10000000,0,0,0
0.718,1.436,0,2,0,0,10000000,0,0,0
0.72,1.44,0,2,0,0,10000000,0,0,0
0.722,1.444,0,2,0,0,10000000,0,0,0
0.724,1.448,0,2,0,0,10000000,0,0,0
0.726,1.452,0,2,0,0,10000000,0,0,0
0.728,1.456,0,2,0,0,10000000,0,0,0
0.73,1.46,0,2,0,0,10000000,0,0,0
0.732,1.464,0,2,0,0,10000000,0,0,0
0.734,1.468,0,2,0,0,10000000,0,0,0
0.736,1.472,0,2,0,0,10000000,0,0,0
0.738,1.476,0,2,0,0,10000000,0,0,0
0.74,1.48,0,2,0,0,10000000,0,0,0
0.742,1.484,0,2,0,0,10000000,0,0,0
0.744,1.488,0,2,0,0,10000000,0,0,0
0.746,1.492,0,2,0,0,10000000,0,0,0
0.748,1.496,0,2,0,0,10000000,0,0,0
0.75,1.5,0,2,0,0,10000000,0,0,0
0.752,1.504,0,2,0,0,10000000,0,0,0
0.754,1.508,0,2,0,0,10000000,0,0,0
0.756,1.512,0,2,0,0,10000000,0,0,0
0.758,1.516,0,2,0,0,10000000,0,0,0
0.76,1.52,0,2,0,0,10000000,0,0,0
0.762,1.524,0,2,0,0,10000000,0,0,0
0.764,1.528,0,2,0,0,10000000,0,0,0
0.766,1.532,0,2,0,0,10000000,0,0,0
0.768,1.536,0,2,0,0,10000000,0,0,0
0.77,1.54,0,2,0,0,10000000,0,0,0
0.772,1.544,0,2,0,0,10000000,0,0,0
0.774,1.548,0,2,0,0,10000000,0,0,0
0.776,1.552,0,2,0,0,10000000,0,0,0
0.778,1.556,0,2,0,0,10000000,0,0,0
0.78,1.56,0,2,0,0,10000000,0,0,0
0.782,1.564,0,2,0,0,10000000,0,0,0
0.784,1.568,0,2,0,0,10000000,0,0,0
0.786,1.572,0,2,0,0,10000000,0,0,0
0.788,1.576,0,2,0,0,10000000,0,0,0
0.79,1.58,0,2,0,0,10000000,0,0,0
0.792,1.584,0,2,0,0,10000000,0,0,0
0.794,1.588,0,2,0,0,10000000,0,0,0
0.796,1.592,0,2,0,0,10000000,0,0,0
0.798,1.596,0,2,0,0,10000000,0,0,0
0.8,1.6,0,2,0,0,10000000,0,0,0
0.802,1.604,0,2,0,0,10000000,0,0,0
0.804,1.608,0,2,0,0,10000000,0,0,0
0.806,1.612,0,2,0,0,10000000,0,0,0
0.8080000000000001,1.616,0,2,0,0,10000000,0,0,0
0.8100000000000001,1.62,0,2,0,0,10000000,0,0,0
0.8120000000000001,1.624,0,2,0,0,10000000,0,0,0
0.8139999999999999,1.628,0,2,0,0,10000000,0,0,0
0.8159999999999999,1.632,0,2,0,0,10000000,0,0,0
0.8179999999999999,1.636,0,2,0,0,10000000,0,0,0
0.82,1.64,0,2,0,0,10000000,0,0,0
0.822,1.644,0,2,0,0,10000000,0,0,0
0.824,1.648,0,2,0,0,10000000,0,0,0
0.826,1.652,0,2,0,0,10000000,0,0,0
0.828,1.656,0,2,0,0,10000000,0,0,0
0.83,1.66,0,2,0,0,10000000,0,0,0
0.832,1.664,0,2,0,0,10000000,0,0,0
0.834,1.668,0,2,0,0,10000000,0,0,0
0.836,1.672,0,2,0,0,10000000,0,0,0
0.838,1.676,0,2,0,0,10000000,0,0,0
0.84,1.68,0,2,0,0,10000000,0,0,0
0.842,1.684,0,2,0,0,10000000,0,0,0
0.844,1.688,0,2,0,0,10000000,0,0,0
0.846,1.692,0,2,0,0,10000000,0,0,0
0.848,1.696,0,2,0,0,10000000,0,0,0
0.85,1.7,0,2,0,0,10000000,0,0,0
0.852,1.704,0,2,0,0,10000000,0,0,0
0.854,1.708,0,2,0,0,10000000,0,0,0
0.856,1.712,0,2,0,0,10000000,0,0,0
0.858,1.716,0,2,0,0,10000000,0,0,0
0.86,1.72,0,2,0,0,10000000,0,0,0
0.862,1.724,0,2,0,0,10000000,0,0,0
0.864,1.728,0,2,0,0,10000000,0,0,0
0.866,1.732,0,2,0,0,10000000,0,0,0
0.868,1.736,0,2,0,0,10000000,0,0,0
0.87,1.74,0,2,0,0,10000000,0,0,0
0.872,1.744,0,2,0,0,10000000,0,0,0
0.874,1.748,0,2,0,0,10000000,0,0,0
0.876,1.752,0,2,0,0,10000000,0,0,0
0.878,1.756,0,2,0,0,10000000,0,0,0
0.88,1.76,0,2,0,0,10000000,0,0,0
0.882,1.764,0,2,0,0,10000000,0,0,0
0.884,1.768,0,2,0,0,10000000,0,0,0
0.886,1.772,0,2,0,0,10000000,0,0,0
0.888,1.776,0,2,0,0,10000000,0,0,0
0.89,1.78,0,2,0,0,10000000,0,0,0
0.892,1.784,0,2,0,0,10000000,0,0,0
0.894,1.788,0,2,0,0,10000000,0,0,0
0.896,1.792,0,2,0,0,10000000,0,0,0
0.898,1.796,0,2,0,0,10000000,0,0,0
0.9,1.8,0,2,0,0,10000000,0,0,0
0.902,1.804,0,2,0,0,10000000,0,0,0
0.904,1.808,0,2,0,0,10000000,0,0,0
0.906,1.812,0,2,0,0,10000000,0,0,0
0.908,1.816,0,2,0,0,10000000,0,0,0
0.91,1.82,0,2,0,0,10000000,0,0,0
0.912,1.824,0,2,0,0,10000000,0,0,0
0.914,1.828,0,2,0,0,10000000,0,0,0
0.916,1.832,0,2,0,0,10000000,0,0,0
0.918,1.836,0,2,0,0,10000000,0,0,0
0.92,1.84,0,2,0,0,10000000,0,0,0
0.922,1.844,0,2,0,0,10000000,0,0,0
0.924,1.848,0,2,0,0,10000000,0,0,0
0.926,1.852,0,2,0,0,10000000,0,0,0
0.928,1.856,0,2,0,0,10000000,0,0,0
0.93,1.86,0,2,0,0,10000000,0,0,0
0.9320000000000001,1.864,0,2,0,0,10000000,0,0,0
0.9340000000000001,1.868,0,2,0,0,10000000,0,0,0
0.9360000000000001,1.872,0,2,0,0,10000000,0,0,0
0.9379999999999999,1.876,0,2,0,0,10000000,0,0,0
0.9399999999999999,1.88,0,2,0,0,10000000,0,0,0
0.9419999999999999,1.884,0,2,0,0,10000000,0,0,0
0.944,1.888,0,2,0,0,10000000,0,0,0
0.946,1.892,0,2,0,0,10000000,0,0,0
0.948,1.896,0,2,0,0,10000000,0,0,0
0.95,1.9,0,2,0,0,10000000,0,0,0
0.952,1.904,0,2,0,0,10000000,0,0,0
0.954,1.908,0,2,0,0,10000000,0,0,0
0.956,1.912,0,2,0,0,10000000,0,0,0
0.958,1.916,0,2,0,0,10000000,0,0,0
0.96,1.92,0,2,0,0,10000000,0,0,0
0.962,1.924,0,2,0,0,10000000,0,0,0
0.964,1.928,0,2,0,0,10000000,0,0,0
0.966,1.932,0,2,0,0,10000000,0,0,0
0.968,1.936,0,2,0,0,10000000,0,0,0
0.97,1.94,0,2,0,0,10000000,0,0,0
0.972,1.944,0,2,0,0,10000000,0,0,0
0.974,1.948,0,2,0,0,10000000,0,0,0
0.976,1.952,0,2,0,0,10000000,0,0,0
0.978,1.956,0,2,0,0,10000000,0,0,0
0.98,1.96,0,2,0,0,10000000,0,0,0
0.982,1.964,0,2,0,0,10000000,0,0,0
0.984,1.968,0,2,0,0,10000000,0,0,0
0.986,1.972,0,2,0,0,10000000,0,0,0
0.988,1.976,0,2,0,0,10000000,0,0,0
0.99,1.98,0,2,0,0,10000000,0,0,0
0.992,1.984,0,2,0,0,10000000,0,0,0
0.994,1.988,0,2,0,0,10000000,0,0,0
0.996,1.992,0,2,0,0,10000000,0,0,0
0.998,1.996,0,2,0,0,10000000,0,0,0
1,2,0,2,0,0,10000000,0,0,0
1.002,2.004,0,2,0,0,10000000,0,0,0
1.004,2.008,0,2,0,0,10000000,0,0,0
1.006,2.012,0,2,0,0,10000000,0,0,0
1.008,2.016,0,2,0,0,10000000,0,0,0
1.01,2.02,0,2,0,0,10000000,0,0,0
1.012,2.024,0,2,0,0,10000000,0,0,0
1.014,2.028,0,2,0,0,10000000,0,0,0
1.016,2.032,0,2,0,0,10000000,0,0,0
1.018,2.036,0,2,0,0,10000000,0,0,0
1.02,2.04,0,2,0,0,10000000,0,0,0
1.022,2.044,0,2,0,0,10000000,0,0,0
1.024,2.048,0,2,0,0,10000000,0,0,0
1.026,2.052,0,2,0,0,10000000,0,0,0
1.028,2.056,0,2,0,0,10000000,0,0,0
1.03,2.06,0,2,0,0,10000000,0,0,0
1.032,2.064,0,2,0,0,10000000,0,0,0
1.034,2.068,0,2,0,0,10000000,0,0,0
1.036,2.072,0,2,0,0,10000000,0,0,0
1.038,2.076,0,2,0,0,10000000,0,0,0
1.04,2.08,0,2,0,0,10000000,0,0,0
1.042,2.084,0,2,0,0,10000000,0,0,0
1.044,2.088,0,2,0,0,10000000,0,0,0
1.046,2.092,0,2,0,0,10000000,0,0,0
1.048,2.096,0,2,0,0,10000000,0,0,0
1.05,2.1,0,2,0,0,10000000,0,0,0
1.052,2.104,0,2,0,0,10000000,0,0,0
1.054,2.108,0,2,0,0,10000000,0,0,0
1.056,2.112,0,2,0,0,10000000,0,0,0
1.058,2.116,0,2,0,0,10000000,0,0,0
1.06,2.12,0,2,0,0,10000000,0,0,0
1.062,2.124,0,2,0,0,10000000,0,0,0
1.064,2.128,0,2,0,0,10000000,0,0,0
1.066,2.132,0,2,0,0,10000000,0,0,0
1.068,2.136,0,2,0,0,10000000,0,0,0
1.07,2.14,0,2,0,0,10000000,0,0,0
1.072,2.144,0,2,0,0,10000000,0,0,0
1.074,2.148,0,2,0,0,10000000,0,0,0
1.076,2.152,0,2,0,0,10000000,0,0,0
1.078,2.156,0,2,0,0,10000000,0,0,0
1.08,2.16,0,2,0,0,10000000,0,0,0
1.082,2.164,0,2,0,0,10000000,0,0,0
1.084,2.168,0,2,0,0,10000000,0,0,0
1.086,2.172,0,2,0,0,10000000,0,0,0
1.088,2.176,0,2,0,0,10000000,0,0,0
1.09,2.18,0,2,0,0,10000000,0,0,0
1.092,2.184,0,2,0,0,10000000,0,0,0
1.094,2.188,0,2,0,0,10000000,0,0,0
1.096,2.192,0,2,0,0,10000000,0,0,0
1.098,2.196,0,2,0,0,10000000,0,0,0
1.1,2.2,0,2,0,0,10000000,0,0,0
1.102,2.204,0,2,0,0,10000000,0,0,0
1.104,2.208,0,2,0,0,10000000,0,0,0
1.106,2.212,0,2,0,0,10000000,0,0,0
1.108,2.216,0,2,0,0,10000000,0,0,0
1.11,2.22,0,2,0,0,10000000,0,0,0
1.112,2.224,0,2,0,0,10000000,0,0,0
1.114,2.228,0,2,0,0,10000000,0,0,0
1.116,2.232,0,2,0,0,10000000,0,0,0
1.118,2.236,0,2,0,0,10000000,0,0,0
1.12,2.24,0,2,0,0,10000000,0,0,0
1.122,2.244,0,2,0,0,10000000,0,0,0
1.124,2.248,0,2,0,0,10000000,0,0,0
1.126,2.252,0,2,0,0,10000000,0,0,0
1.128,2.256,0,2,0,0,10000000,0,0,0
1.13,2.26,0,2,0,0,10000000,0,0,0
1.132,2.264,0,2,0,0,10000000,0,0,0
1.134,2.268,0,2,0,0,10000000,0,0,0
1.136,2.272,0,2,0,0,10000000,0,0,0
1.138,2.276,0,2,0,0,10000000,0,0,0
1.14,2.28,0,2,0,0,10000000,0,0,0
1.142,2.284,0,2,0,0,10000000,0,0,0
1.144,2.288,0,2,0,0,10000000,0,0,0
1.146,2.292,0,2,0,0,10000000,0,0,0
1.148,2.296,0,2,0,0,10000000,0,0,0
1.15,2.3,0,2,0,0,10000000,0,0,0
1.152,2.304,0,2,0,0,10000000,0,0,0
1.154,2.308,0,2,0,0,10000000,0,0,0
1.156,2.312,0,2,0,0,10000000,0,0,0
1.158,2.316,0,2,0,0,10000000,0,0,0
1.16,2.32,0,2,0,0,10000000,0,0,0
1.162,2.324,0,2,0,0,10000000,0,0,0
1.164,2.328,0,2,0,0,10000000,0,0,0
1.166,2.332,0,2,0,0,10000000,0,0,0
1.168,2.336,0,2,0,0,10000000,0,0,0
1.17,2.34,0,2,0,0,10000000,0,0,0
1.172,2.344,0,2,0,0,10000000,0,0,0
1.174,2.348,0,2,0,0,10000000,0,0,0
1.176,2.352,0,2,0,0,10000000,0,0,0
1.178,2.356,0,2,0,0,10000000,0,0,0
1.18,2.36,0,2,0,0,10000000,0,0,0
1.182,2.364,0,2,0,0,10000000,0,0,0
1.184,2.368,0,2,0,0,10000000,0,0,0
1.186,2.372,0,2,0,0,10000000,0,0,0
1.188,2.376,0,2,0,0,10000000,0,0,0
1.19,2.38,0,2,0,0,10000000,0,0,0
1.192,2.384,0,2,0,0,10000000,0,0,0
1.194,2.388,0,2,0,0,10000000,0,0,0
1.196,2.392,0,2,0,0,10000000,0,0,0
1.198,2.396,0,2,0,0,10000000,0,0,0
1.2,2.4,0,2,0,0,10000000,0,0,0
1.202,2.404,0,2,0,0,10000000,0,0,0
1.204,2.408,0,2,0,0,10000000,0,0,0
1.206,2.412,0,2,0,0,10000000,0,0,0
1.208,2.416,0,2,0,0,10000000,0,0,0
1.21,2.42,0,2,0,0,10000000,0,0,0
1.212,2.424,0,2,0,0,10000000,0,0,0
1.214,2.428,0,2,0,0,10000000,0,0,0
1.216,2.432,0,2,0,0,10000000,0,0,0
1.218,2.436,0,2,0,0,10000000,0,0,0
1.22,2.44,0,2,0,0,10000000,0,0,0
1.222,2.444,0,2,0,0,10000000,0,0,0
1.224,2.448,0,2,0,0,10000000,0,0,0
1.226,2.452,0,2,0,0,10000000,0,0,0
1.228,2.456,0,2,0,0,10000000,0,0,0
1.23,2.46,0,2,0,0,10000000,0,0,0
1.232,2.464,0,2,0,0,10000000,0,0,0
1.234,2.468,0,2,0,0,10000000,0,0,0
1.236,2.472,0,2,0,0,10000000,0,0,0
1.238,2.476,0,2,0,0,10000000,0,0,0
1.24,2.48,0,2,0,0,10000000,0,0,0
1.242,2.484,0,2,0,0,10000000,0,0,0
1.244,2.488,0,2,0,0,10000000,0,0,0
1.246,2.492,0,2,0,0,10000000,0,0,0
1.248,2.496,0,2,0,0,10000000,0,0,0
1.25,2.5,0,2,0,0,10000000,0,0,0
1.252,2.504,0,2,0,0,10000000,0,0,0
1.254,2.508,0,2,0,0,10000000,0,0,0
1.256,2.512,0,2,0,0,10000000,0,0,0
1.258,2.516,0,2,0,0,10000000,0,0,0
1.26,2.52,0,2,0,0,10000000,0,0,0
1.262,2.524,0,2,0,0,10000000,0,0,0
1.264,2.528,0,2,0,0,10000000,0,0,0
1.266,2.532,0,2,0,0,10000000,0,0,0
1.268,2.536,0,2,0,0,10000000,0,0,0
1.27,2.54,0,2,0,0,10000000,0,0,0
1.272,2.544,0,2,0,0,10000000,0,0,0
1.274,2.548,0,2,0,0,10000000,0,0,0
1.276,2.552,0,2,0,0,10000000,0,0,0
1.278,2.556,0,2,0,0,10000000,0,0,0
1.28,2.56,0,2,0,0,10000000,0,0,0
1.282,2.564,0,2,0,0,10000000,0,0,0
1.284,2.568,0,2,0,0,10000000,0,0,0
1.286,2.572,0,2,0,0,10000000,0,0,0
1.288,2.576,0,2,0,0,10000000,0,0,0
1.29,2.58,0,2,0,0,10000000,0,0,0
1.292,2.584,0,2,0,0,10000000,0,0,0
1.294,2.588,0,2,0,0,10000000,0,0,0
1.296,2.592,0,2,0,0,10000000,0,0,0
1.298,2.596,0,2,0,0,10000000,0,0,0
1.3,2.6,0,2,0,0,10000000,0,0,0
1.302,2.604,0,2,0,0,10000000,0,0,0
1.304,2.608,0,2,0,0,10000000,0,0,0
1.306,2.612,0,2,0,0,10000000,0,0,0
1.308,2.616,0,2,0,0,10000000,0,0,0
1.31,2.62,0,2,0,0,10000000,0,0,0
1.312,2.624,0,2,0,0,10000000,0,0,0
1.314,2.628,0,2,0,0,10000000,0,0,0
1.316,2.632,0,2,0,0,10000000,0,0,0
1.318,2.636,0,2,0,0,10000000,0,0,0
1.32,2.64,0,2,0,0,10000000,0,0,0
1.322,2.644,0,2,0,0,10000000,0,0,0
1.324,2.648,0,2,0,0,10000000,0,0,0
1.326,2.652,0,2,0,0,10000000,0,0,0
1.328,2.656,0,2,0,0,10000000,0,0,0
1.33,2.66,0,2,0,0,10000000,0,0,0
1.332,2.664,0,2,0,0,10000000,0,0,0
1.334,2.668,0,2,0,0,10000000,0,0,0
1.336,2.672,0,2,0,0,10000000,0,0,0
1.338,2.676,0,2,0,0,10000000,0,0,0
1.34,2.68,0,2,0,0,10000000,0,0,0
1.342,2.684,0,2,0,0,10000000,0,0,0
1.344,2.688,0,2,0,0,10000000,0,0,0
1.346,2.692,0,2,0,0,10000000,0,0,0
1.348,2.696,0,2,0,0,10000000,0,0,0
1.35,2.7,0,2,0,0,10000000,0,0,0
1.352,2.704,0,2,0,0,10000000,0,0,0
1.354,2.708,0,2,0,0,10000000,0,0,0
1.356,2.712,0,2,0,0,10000000,0,0,0
1.358,2.716,0,2,0,0,10000000,0,0,0
1.36,2.72,0,2,0,0,10000000,0,0,0
1.362,2.724,0,2,0,0,10000000,0,0,0
1.364,2.728,0,2,0,0,10000000,0,0,0
1.366,2.732,0,2,0,0,10000000,0,0,0
1.368,2.736,0,2,0,0,10000000,0,0,0
1.37,2.74,0,2,0,0,10000000,0,0,0
1.372,2.744,0,2,0,0,10000000,0,0,0
1.374,2.748,0,2,0,0,10000000,0,0,0
1.376,2.752,0,2,0,0,10000000,0,0,0
1.378,2.756,0,2,0,0,10000000,0,0,0
1.38,2.76,0,2,0,0,10000000,0,0,0
1.382,2.764,0,2,0,0,10000000,0,0,0
1.384,2.768,0,2,0,0,10000000,0,0,0
1.386,2.772,0,2,0,0,10000000,0,0,0
1.388,2.776,0,2,0,0,10000000,0,0,0
1.39,2.78,0,2,0,0,10000000,0,0,0
1.392,2.784,0,2,0,0,10000000,0,0,0
1.394,2.788,0,2,0,0,10000000,0,0,0
1.396,2.792,0,2,0,0,10000000,0,0,0
1.398,2.796,0,2,0,0,10000000,0,0,0
1.4,2.8,0,2,0,0,10000000,0,0,0
1.402,2.804,0,2,0,0,10000000,0,0,0
1.404,2.808,0,2,0,0,10000000,0,0,0
1.406,2.812,0,2,0,0,10000000,0,0,0
1.408,2.816,0,2,0,0,10000000,0,0,0
1.41,2.82,0,2,0,0,10000000,0,0,0
1.412,2.824,0,2,0,0,10000000,0,0,0
1.414,2.828,0,2,0,0,10000000,0,0,0
1.416,2.832,0,2,0,0,10000000,0,0,0
1.418,2.836,0,2,0,0,10000000,0,0,0
1.42,2.84,0,2,0,0,10000000,0,0,0
1.422,2.844,0,2,0,0,10000000,0,0,0
1.424,2.848,0,2,0,0,10000000,0,0,0
1.426,2.852,0,2,0,0,10000000,0,0,0
1.428,2.856,0,2,0,0,10000000,0,0,0
1.43,2.86,0,2,0,0,10000000,0,0,0
1.432,2.864,0,2,0,0,10000000,0,0,0
1.434,2.868,0,2,0,0,10000000,0,0,0
1.436,2.872,0,2,0,0,10000000,0,0,0
1.438,2.876,0,2,0,0,10000000,0,0,0
1.44,2.88,0,2,0,0,10000000,0,0,0
1.442,2.884,0,2,0,0,10000000,0,0,0
1.444,2.888,0,2,0,0,10000000,0,0,0
1.446,2.892,0,2,0,0,10000000,0,0,0
1.448,2.896,0,2,0,0,10000000,0,0,0
1.45,2.9,0,2,0,0,10000000,0,0,0
1.452,2.904,0,2,0,0,10000000,0,0,0
1.454,2.908,0,2,0,0,10000000,0,0,0
1.456,2.912,0,2,0,0,10000000,0,0,0
1.458,2.916,0,2,0,0,10000000,0,0,0
1.46,2.92,0,2,0,0,10000000,0,0,0
1.462,2.924,0,2,0,0,10000000,0,0,0
1.464,2.928,0,2,0,0,10000000,0,0,0
1.466,2.932,0,2,0,0,10000000,0,0,0
1.468,2.936,0,2,0,0,10000000,0,0,0
1.47,2.94,0,2,0,0,10000000,0,0,0
1.472,2.944,0,2,0,0,10000000,0,0,0
1.474,2.948,0,2,0,0,10000000,0,0,0
1.476,2.952,0,2,0,0,10000000,0,0,0
1.478,2.956,0,2,0,0,10000000,0,0,0
1.48,2.96,0,2,0,0,10000000,0,0,0
1.482,2.964,0,2,0,0,10000000,0,0,0
1.484,2.968,0,2,0,0,10000000,0,0,0
1.486,2.972,0,2,0,0,10000000,0,0,0
1.488,2.976,0,2,0,0,10000000,0,0,0
1.49,2.98,0,2,0,0,10000000,0,0,0
1.492,2.984,0,2,0,0,10000000,0,0,0
1.494,2.988,0,2,0,0,10000000,0,0,0
1.496,2.992,0,2,0,0,10000000,0,0,0
1.498,2.996,0,2,0,0,10000000,0,0,0
1.5,3,0,2,0,0,10000000,0,0,0
1.502,3.004,0,2,0,0,10000000,0,0,0
1.504,3.008,0,2,0,0,10000000,0,0,0
1.506,3.012,0,2,0,0,10000000,0,0,0
1.508,3.016,0,2,0,0,10000000,0,0,0
1.51,3.02,0,2,0,0,10000000,0,0,0
1.512,3.024,0,2,0,0,10000000,0,0,0
1.514,3.028,0,2,0,0,10000000,0,0,0
1.516,3.032,0,2,0,0,10000000,0,0,0
1.518,3.036,0,2,0,0,10000000,0,0,0
1.52,3.04,0,2,0,0,10000000,0,0,0
1.522,3.044,0,2,0,0,10000000,0,0,0
1.524,3.048,0,2,0,0,10000000,0,0,0
1.526,3.052,0,2,0,0,10000000,0,0,0
1.528,3.056,0,2,0,0,10000000,0,0,0
1.53,3.06,0,2,0,0,10000000,0,0,0
1.532,3.064,0,2,0,0,10000000,0,0,0
1.534,3.068,0,2,0,0,10000000,0,0,0
1.536,3.072,0,2,0,0,10000000,0,0,0
1.538,3.076,0,2,0,0,10000000,0,0,0
1.54,3.08,0,2,0,0,10000000,0,0,0
1.542,3.084,0,2,0,0,10000000,0,0,0
1.544,3.088,0,2,0,0,10000000,0,0,0
1.546,3.092,0,2,0,0,10000000,0,0,0
1.548,3.096,0,2,0,0,10000000,0,0,0
1.55,3.1,0,2,0,0,10000000,0,0,0
1.552,3.104,0,2,0,0,10000000,0,0,0
1.554,3.108,0,2,0,0,10000000,0,0,0
1.556,3.112,0,2,0,0,10000000,0,0,0
1.558,3.116,0,2,0,0,10000000,0,0,0
1.56,3.12,0,2,0,0,10000000,0,0,0
1.562,3.124,0,2,0,0,10000000,0,0,0
1.564,3.128,0,2,0,0,10000000,0,0,0
1.566,3.132,0,2,0,0,10000000,0,0,0
1.568,3.136,0,2,0,0,10000000,0,0,0
1.57,3.14,0,2,0,0,10000000,0,0,0
1.572,3.144,0,2,0,0,10000000,0,0,0
1.574,3.148,0,2,0,0,10000000,0,0,0
1.576,3.152,0,2,0,0,10000000,0,0,0
1.578,3.156,0,2,0,0,10000000,0,0,0
1.58,3.16,0,2,0,0,10000000,0,0,0
1.582,3.164,0,2,0,0,10000000,0,0,0
1.584,3.168,0,2,0,0,10000000,0,0,0
1.586,3.172,0,2,0,0,10000000,0,0,0
1.588,3.176,0,2,0,0,10000000,0,0,0
1.59,3.18,0,2,0,0,10000000,0,0,0
1.592,3.184,0,2,0,0,10000000,0,0,0
1.594,3.188,0,2,0,0,10000000,0,0,0
1.596,3.192,0,2,0,0,10000000,0,0,0
1.598,3.196,0,2,0,0,10000000,0,0,0
1.6,3.2,0,2,0,0,10000000,0,0,0
1.602,3.204,0,2,0,0,10000000,0,0,0
1.604,3.208,0,2,0,0,10000000,0,0,0
1.606,3.212,0,2,0,0,10000000,0,0,0
1.608,3.216,0,2,0,0,10000000,0,0,0
1.61,3.22,0,2,0,0,10000000,0,0,0
1.612,3.224,0,2,0,0,10000000,0,0,0
1.614,3.228,0,2,0,0,10000000,0,0,0
1.616,3.232,0,2,0,0,10000000,0,0,0
1.618,3.236,0,2,0,0,10000000,0,0,0
1.62,3.24,0,2,0,0,10000000,0,0,0
1.622,3.244,0,2,0,0,10000000,0,0,0
1.624,3.248,0,2,0,0,10000000,0,0,0
1.626,3.252,0,2,0,0,10000000,0,0,0
1.628,3.256,0,2,0,0,10000000,0,0,0
1.63,3.26,0,2,0,0,10000000,0,0,0
1.632,3.264,0,2,0,0,10000000,0,0,0
1.634,3.268,0,2,0,0,10000000,0,0,0
1.636,3.272,0,2,0,0,10000000,0,0,0
1.638,3.276,0,2,0,0,10000000,0,0,0
1.64,3.28,0,2,0,0,10000000,0,0,0
1.642,3.284,0,2,0,0,10000000,0,0,0
1.644,3.288,0,2,0,0,10000000,0,0,0
1.646,3.292,0,2,0,0,10000000,0,0,0
1.648,3.296,0,2,0,0,10000000,0,0,0
1.65,3.3,0,2,0,0,10000000,0,0,0
1.652,3.304,0,2,0,0,10000000,0,0,0
1.654,3.308,0,2,0,0,10000000,0,0,0
1.656,3.312,0,2,0,0,10000000,0,0,0
1.658,3.316,0,2,0,0,10000000,0,0,0
1.66,3.32,0,2,0,0,10000000,0,0,0
1.662,3.324,0,2,0,0,10000000,0,0,0
1.664,3.328,0,2,0,0,10000000,0,0,0
1.666,3.332,0,2,0,0,10000000,0,0,0
1.668,3.336,0,2,0,0,10000000,0,0,0
1.67,3.34,0,2,0,0,10000000,0,0,0
1.672,3.344,0,2,0,0,10000000,0,0,0
1.674,3.348,0,2,0,0,10000000,0,0,0
1.676,3.352,0,2,0,0,10000000,0,0,0
1.678,3.356,0,2,0,0,10000000,0,0,0
1.68,3.36,0,2,0,0,10000000,0,0,0
1.682,3.364,0,2,0,0,10000000,0,0,0
1.684,3.368,0,2,0,0,10000000,0,0,0
1.686,3.372,0,2,0,0,10000000,0,0,0
1.688,3.376,0,2,0,0,10000000,0,0,0
1.69,3.38,0,2,0,0,10000000,0,0,0
1.692,3.384,0,2,0,0,10000000,0,0,0
1.694,3.388,0,2,0,0,10000000,0,0,0
1.696,3.392,0,2,0,0,10000000,0,0,0
1.698,3.396,0,2,0,0,10000000,0,0,0
1.7,3.4,0,2,0,0,10000000,0,0,0
1.702,3.404,0,2,0,0,10000000,0,0,0
1.704,3.408,0,2,0,0,10000000,0,0,0
1.706,3.412,0,2,0,0,10000000,0,0,0
1.708,3.416,0,2,0,0,10000000,0,0,0
1.71,3.42,0,2,0,0,10000000,0,0,0
1.712,3.424,0,2,0,0,10000000,0,0,0
1.714,3.428,0,2,0,0,10000000,0,0,0
1.716,3.432,0,2,0,0,10000000,0,0,0
1.718,3.436,0,2,0,0,10000000,0,0,0
1.72,3.44,0,2,0,0,10000000,0,0,0
1.722,3.444,0,2,0,0,10000000,0,0,0
1.724,3.448,0,2,0,0,10000000,0,0,0
1.726,3.452,0,2,0,0,10000000,0,0,0
1.728,3.456,0,2,0,0,10000000,0,0,0
1.73,3.46,0,2,0,0,10000000,0,0,0
1.732,3.464,0,2,0,0,10000000,0,0,0
1.734,3.468,0,2,0,0,10000000,0,0,0
1.736,3.472,0,2,0,0,10000000,0,0,0
1.738,3.476,0,2,0,0,10000000,0,0,0
1.74,3.48,0,2,0,0,10000000,0,0,0
1.742,3.484,0,2,0,0,10000000,0,0,0
1.744,3.488,0,2,0,0,10000000,0,0,0
1.746,3.492,0,2,0,0,10000000,0,0,0
1.748,3.496,0,2,0,0,10000000,0,0,0
1.75,3.5,0,2,0,0,10000000,0,0,0
1.752,3.504,0,2,0,0,10000000,0,0,0
1.754,3.508,0,2,0,0,10000000,0,0,0
1.756,3.512,0,2,0,0,10000000,0,0,0
1.758,3.516,0,2,0,0,10000000,0,0,0
1.76,3.52,0,2,0,0,10000000,0,0,0
1.762,3.524,0,2,0,0,10000000,0,0,0
1.764,3.528,0,2,0,0,10000000,0,0,0
1.766,3.532,0,2,0,0,10000000,0,0,0
1.768,3.536,0,2,0,0,10000000,0,0,0
1.77,3.54,0,2,0,0,10000000,0,0,0
1.772,3.544,0,2,0,0,10000000,0,0,0
1.774,3.548,0,2,0,0,10000000,0,0,0
1.776,3.552,0,2,0,0,10000000,0,0,0
1.778,3.556,0,2,0,0,10000000,0,0,0
1.78,3.56,0,2,0,0,10000000,0,0,0
1.782,3.564,0,2,0,0,10000000,0,0,0
1.784,3.568,0,2,0,0,10000000,0,0,0
1.786,3.572,0,2,0,0,10000000,0,0,0
1.788,3.576,0,2,0,0,10000000,0,0,0
1.79,3.58,0,2,0,0,10000000,0,0,0
1.792,3.584,0,2,0,0,10000000,0,0,0
1.794,3.588,0,2,0,0,10000000,0,0,0
1.796,3.592,0,2,0,0,10000000,0,0,0
1.798,3.596,0,2,0,0,10000000,0,0,0
1.8,3.6,0,2,0,0,10000000,0,0,0
1.802,3.604,0,2,0,0,10000000,0,0,0
1.804,3.608,0,2,0,0,10000000,0,0,0
1.806,3.612,0,2,0,0,10000000,0,0,0
1.808,3.616,0,2,0,0,10000000,0,0,0
1.81,3.62,0,2,0,0,10000000,0,0,0
1.812,3.624,0,2,0,0,10000000,0,0,0
1.814,3.628,0,2,0,0,10000000,0,0,0
1.816,3.632,0,2,0,0,10000000,0,0,0
1.818,3.636,0,2,0,0,10000000,0,0,0
1.82,3.64,0,2,0,0,10000000,0,0,0
1.822,3.644,0,2,0,0,10000000,0,0,0
1.824,3.648,0,2,0,0,10000000,0,0,0
1.826,3.652,0,2,0,0,10000000,0,0,0
1.828,3.656,0,2,0,0,10000000,0,0,0
1.83,3.66,0,2,0,0,10000000,0,0,0
1.832,3.664,0,2,0,0,10000000,0,0,0
1.834,3.668,0,2,0,0,10000000,0,0,0
1.836,3.672,0,2,0,0,10000000,0,0,0
1.838,3.676,0,2,0,0,10000000,0,0,0
1.84,3.68,0,2,0,0,10000000,0,0,0
1.842,3.684,0,2,0,0,10000000,0,0,0
1.844,3.688,0,2,0,0,10000000,0,0,0
1.846,3.692,0,2,0,0,10000000,0,0,0
1.848,3.696,0,2,0,0,10000000,0,0,0
1.85,3.7,0,2,0,0,10000000,0,0,0
1.852,3.704,0,2,0,0,10000000,0,0,0
1.854,3.708,0,2,0,0,10000000,0,0,0
1.856,3.712,0,2,0,0,10000000,0,0,0
1.858,3.716,0,2,0,0,10000000,0,0,0
1.86,3.72,0,2,0,0,10000000,0,0,0
1.862,3.724,0,2,0,0,10000000,0,0,0
1.864,3.728,0,2,0,0,10000000,0,0,0
1.866,3.732,0,2,0,0,10000000,0,0,0
1.868,3.736,0,2,0,0,10000000,0,0,0
1.87,3.74,0,2,0,0,10000000,0,0,0
1.872,3.744,0,2,0,0,10000000,0,0,0
1.874,3.748,0,2,0,0,10000000,0,0,0
1.876,3.752,0,2,0,0,10000000,0,0,0
1.878,3.756,0,2,0,0,10000000,0,0,0
1.88,3.76,0,2,0,0,10000000,0,0,0
1.882,3.764,0,2,0,0,10000000,0,0,0
1.884,3.768,0,2,0,0,10000000,0,0,0
1.886,3.772,0,2,0,0,10000000,0,0,0
1.888,3.776,0,2,0,0,10000000,0,0,0
1.89,3.78,0,2,0,0,10000000,0,0,0
1.892,3.784,0,2,0,0,10000000,0,0,0
1.894,3.788,0,2,0,0,10000000,0,0,0
1.896,3.792,0,2,0,0,10000000,0,0,0
1.898,3.796,0,2,0,0,10000000,0,0,0
1.9,3.8,0,2,0,0,10000000,0,0,0
1.902,3.804,0,2,0,0,10000000,0,0,0
1.904,3.808,0,2,0,0,10000000,0,0,0
1.906,3.812,0,2,0,0,10000000,0,0,0
1.908,3.816,0,2,0,0,10000000,0,0,0
1.91,3.82,0,2,0,0,10000000,0,0,0
1.912,3.824,0,2,0,0,10000000,0,0,0
1.914,3.828,0,2,0,0,10000000,0,0,0
1.916,3.832,0,2,0,0,10000000,0,0,0
1.918,3.836,0,2,0,0,10000000,0,0,0
1.92,3.84,0,2,0,0,10000000,0,0,0
1.922,3.844,0,2,0,0,10000000,0,0,0
1.924,3.848,0,2,0,0,10000000,0,0,0
1.926,3.852,0,2,0,0,10000000,0,0,0
1.928,3.856,0,2,0,0,10000000,0,0,0
1.93,3.86,0,2,0,0,10000000,0,0,0
1.932,3.864,0,2,0,0,10000000,0,0,0
1.934,3.868,0,2,0,0,10000000,0,0,0
1.936,3.872,0,2,0,0,10000000,0,0,0
1.938,3.876,0,2,0,0,10000000,0,0,0
1.94,3.88,0,2,0,0,10000000,0,0,0
1.942,3.884,0,2,0,0,10000000,0,0,0
1.944,3.888,0,2,0,0,10000000,0,0,0
1.946,3.892,0,2,0,0,10000000,0,0,0
1.948,3.896,0,2,0,0,10000000,0,0,0
1.95,3.9,0,2,0,0,10000000,0,0,0
1.952,3.904,0,2,0,0,10000000,0,0,0
1.954,3.908,0,2,0,0,10000000,0,0,0
1.956,3.912,0,2,0,0,10000000,0,0,0
1.958,3.916,0,2,0,0,10000000,0,0,0
1.96,3.92,0,2,0,0,10000000,0,0,0
1.962,3.924,0,2,0,0,10000000,0,0,0
1.964,3.928,0,2,0,0,10000000,0,0,0
1.966,3.932,0,2,0,0,10000000,0,0,0
1.968,3.936,0,2,0,0,10000000,0,0,0
1.97,3.94,0,2,0,0,10000000,0,0,0
1.972,3.944,0,2,0,0,10000000,0,0,0
1.974,3.948,0,2,0,0,10000000,0,0,0
1.976,3.952,0,2,0,0,10000000,0,0,0
1.978,3.956,0,2,0,0,10000000,0,0,0
1.98,3.96,0,2,0,0,10000000,0,0,0
1.982,3.964,0,2,0,0,10000000,0,0,0
1.984,3.968,0,2,0,0,10000000,0,0,0
1.986,3.972,0,2,0,0,10000000,0,0,0
1.988,3.976,0,2,0,0,10000000,0,0,0
1.99,3.98,0,2,0,0,10000000,0,0,0
1.992,3.984,0,2,0,0,10000000,0,0,0
1.994,3.988,0,2,0,0,10000000,0,0,0
1.996,3.992,0,2,0,0,10000000,0,0,0
1.998,3.996,0,2,0,0,10000000,0,0,0
2,4,0,2,0,0,10000000,0,0,0
2.002,4.004,0,2,0,0,10000000,0,0,0
2.004,4.008,0,2,0,0,10000000,0,0,0
2.006,4.012,0,2,0,0,10000000,0,0,0
2.008,4.016,0,2,0,0,10000000,0,0,0
2.01,4.02,0,2,0,0,10000000,0,0,0
2.012,4.024,0,2,0,0,10000000,0,0,0
2.014,4.028,0,2,0,0,10000000,0,0,0
2.016,4.032,0,2,0,0,10000000,0,0,0
2.018,4.036,0,2,0,0,10000000,0,0,0
2.02,4.04,0,2,0,0,10000000,0,0,0
2.022,4.044,0,2,0,0,10000000,0,0,0
2.024,4.048,0,2,0,0,10000000,0,0,0
2.026,4.052,0,2,0,0,10000000,0,0,0
2.028,4.056,0,2,0,0,10000000,0,0,0
2.03,4.06,0,2,0,0,10000000,0,0,0
2.032,4.064,0,2,0,0,10000000,0,0,0
2.034,4.068,0,2,0,0,10000000,0,0,0
2.036,4.072,0,2,0,0,10000000,0,0,0
2.038,4.076,0,2,0,0,10000000,0,0,0
2.04,4.08,0,2,0,0,10000000,0,0,0
2.042,4.084,0,2,0,0,10000000,0,0,0
2.044,4.088,0,2,0,0,10000000,0,0,0
2.046,4.092,0,2,0,0,10000000,0,0,0
2.048,4.096,0,2,0,0,10000000,0,0,0
2.05,4.1,0,2,0,0,10000000,0,0,0
2.052,4.104,0,2,0,0,10000000,0,0,0
2.054,4.108,0,2,0,0,10000000,0,0,0
2.056,4.112,0,2,0,0,10000000,0,0,0
2.058,4.116,0,2,0,0,10000000,0,0,0
2.06,4.12,0,2,0,0,10000000,0,0,0
2.062,4.124,0,2,0,0,10000000,0,0,0
2.064,4.128,0,2,0,0,10000000,0,0,0
2.066,4.132,0,2,0,0,10000000,0,0,0
2.068,4.136,0,2,0,0,10000000,0,0,0
2.07,4.14,0,2,0,0,10000000,0,0,0
2.072,4.144,0,2,0,0,10000000,0,0,0
2.074,4.148,0,2,0,0,10000000,0,0,0
2.076,4.152,0,2,0,0,10000000,0,0,0
2.078,4.156,0,2,0,0,10000000,0,0,0
2.08,4.16,0,2,0,0,10000000,0,0,0
2.082,4.164,0,2,0,0,10000000,0,0,0
2.084,4.168,0,2,0,0,10000000,0,0,0
2.086,4.172,0,2,0,0,10000000,0,0,0
2.088,4.176,0,2,0,0,10000000,0,0,0
2.09,4.18,0,2,0,0,10000000,0,0,0
2.092,4.184,0,2,0,0,10000000,0,0,0
2.094,4.188,0,2,0,0,10000000,0,0,0
2.096,4.192,0,2,0,0,10000000,0,0,0
2.098,4.196,0,2,0,0,10000000,0,0,0
2.1,4.2,0,2,0,0,10000000,0,0,0
2.102,4.204,0,2,0,0,10000000,0,0,0
2.104,4.208,0,2,0,0,10000000,0,0,0
2.106,4.212,0,2,0,0,10000000,0,0,0
2.108,4.216,0,2,0,0,10000000,0,0,0
2.11,4.22,0,2,0,0,10000000,0,0,0
2.112,4.224,0,2,0,0,10000000,0,0,0
2.114,4.228,0,2,0,0,10000000,0,0,0
2.116,4.232,0,2,0,0,10000000,0,0,0
2.118,4.236,0,2,0,0,10000000,0,0,0
2.12,4.24,0,2,0,0,10000000,0,0,0
2.122,4.244,0,2,0,0,10000000,0,0,0
2.124,4.248,0,2,0,0,10000000,0,0,0
2.126,4.252,0,2,0,0,10000000,0,0,0
2.128,4.256,0,2,0,0,10000000,0,0,0
2.13,4.26,0,2,0,0,10000000,0,0,0
2.132,4.264,0,2,0,0,10000000,0,0,0
2.134,4.268,0,2,0,0,10000000,0,0,0
2.136,4.272,0,2,0,0,10000000,0,0,0
2.138,4.276,0,2,0,0,10000000,0,0,0
2.14,4.28,0,2,0,0,10000000,0,0,0
2.142,4.284,0,2,0,0,10000000,0,0,0
2.144,4.288,0,2,0,0,10000000,0,0,0
2.146,4.292,0,2,0,0,10000000,0,0,0
2.148,4.296,0,2,0,0,10000000,0,0,0
2.15,4.3,0,2,0,0,10000000,0,0,0
2.152,4.304,0,2,0,0,10000000,0,0,0
2.154,4.308,0,2,0,0,10000000,0,0,0
2.156,4.312,0,2,0,0,10000000,0,0,0
2.158,4.316,0,2,0,0,10000000,0,0,0
2.16,4.32,0,2,0,0,10000000,0,0,0
2.162,4.324,0,2,0,0,10000000,0,0,0
2.164,4.328,0,2,0,0,10000000,0,0,0
2.166,4.332,0,2,0,0,10000000,0,0,0
2.168,4.336,0,2,0,0,10000000,0,0,0
2.17,4.34,0,2,0,0,10000000,0,0,0
2.172,4.344,0,2,0,0,10000000,0,0,0
2.174,4.348,0,2,0,0,10000000,0,0,0
2.176,4.352,0,2,0,0,10000000,0,0,0
2.178,4.356,0,2,0,0,10000000,0,0,0
2.18,4.36,0,2,0,0,10000000,0,0,0
2.182,4.364,0,2,0,0,10000000,0,0,0
2.184,4.368,0,2,0,0,10000000,0,0,0
2.186,4.372,0,2,0,0,10000000,0,0,0
2.188,4.376,0,2,0,0,10000000,0,0,0
2.19,4.38,0,2,0,0,10000000,0,0,0
2.192,4.384,0,2,0,0,10000000,0,0,0
2.194,4.388,0,2,0,0,10000000,0,0,0
2.196,4.392,0,2,0,0,10000000,0,0,0
2.198,4.396,0,2,0,0,10000000,0,0,0
2.2,4.4,0,2,0,0,10000000,0,0,0
2.202,4.404,0,2,0,0,10000000,0,0,0
2.204,4.408,0,2,0,0,10000000,0,0,0
2.206,4.412,0,2,0,0,10000000,0,0,0
2.208,4.416,0,2,0,0,10000000,0,0,0
2.21,4.42,0,2,0,0,10000000,0,0,0
2.212,4.424,0,2,0,0,10000000,0,0,0
2.214,4.428,0,2,0,0,10000000,0,0,0
2.216,4.432,0,2,0,0,10000000,0,0,0
2.218,4.436,0,2,0,0,10000000,0,0,0
2.22,4.44,0,2,0,0,10000000,0,0,0
2.222,4.444,0,2,0,0,10000000,0,0,0
2.224,4.448,0,2,0,0,10000000,0,0,0
2.226,4.452,0,2,0,0,10000000,0,0,0
2.228,4.456,0,2,0,0,10000000,0,0,0
2.23,4.46,0,2,0,0,10000000,0,0,0
2.232,4.464,0,2,0,0,10000000,0,0,0
2.234,4.468,0,2,0,0,10000000,0,0,0
2.236,4.472,0,2,0,0,10000000,0,0,0
2.238,4.476,0,2,0,0,10000000,0,0,0
2.24,4.48,0,2,0,0,10000000,0,0,0
2.242,4.484,0,2,0,0,10000000,0,0,0
2.244,4.488,0,2,0,0,10000000,0,0,0
2.246,4.492,0,2,0,0,10000000,0,0,0
2.248,4.496,0,2,0,0,10000000,0,0,0
2.25,4.5,0,2,0,0,10000000,0,0,0
2.252,4.504,0,2,0,0,10000000,0,0,0
2.254,4.508,0,2,0,0,10000000,0,0,0
2.256,4.512,0,2,0,0,10000000,0,0,0
2.258,4.516,0,2,0,0,10000000,0,0,0
2.26,4.52,0,2,0,0,10000000,0,0,0
2.262,4.524,0,2,0,0,10000000,0,0,0
2.264,4.528,0,2,0,0,10000000,0,0,0
2.266,4.532,0,2,0,0,10000000,0,0,0
2.268,4.536,0,2,0,0,10000000,0,0,0
2.27,4.54,0,2,0,0,10000000,0,0,0
2.272,4.544,0,2,0,0,10000000,0,0,0
2.274,4.548,0,2,0,0,10000000,0,0,0
2.276,4.552,0,2,0,0,10000000,0,0,0
2.278,4.556,0,2,0,0,10000000,0,0,0
2.28,4.56,0,2,0,0,10000000,0,0,0
2.282,4.564,0,2,0,0,10000000,0,0,0
2.284,4.568,0,2,0,0,10000000,0,0,0
2.286,4.572,0,2,0,0,10000000,0,0,0
2.288,4.576,0,2,0,0,10000000,0,0,0
2.29,4.58,0,2,0,0,10000000,0,0,0
2.292,4.584,0,2,0,0,10000000,0,0,0
2.294,4.588,0,2,0,0,10000000,0,0,0
2.296,4.592,0,2,0,0,10000000,0,0,0
2.298,4.596,0,2,0,0,10000000,0,0,0
2.3,4.6,0,2,0,0,10000000,0,0,0
2.302,4.604,0,2,0,0,10000000,0,0,0
2.304,4.608,0,2,0,0,10000000,0,0,0
2.306,4.612,0,2,0,0,10000000,0,0,0
2.308,4.616,0,2,0,0,10000000,0,0,0
2.31,4.62,0,2,0,0,10000000,0,0,0
2.312,4.624,0,2,0,0,10000000,0,0,0
2.314,4.628,0,2,0,0,10000000,0,0,0
2.316,4.632,0,2,0,0,10000000,0,0,0
2.318,4.636,0,2,0,0,10000000,0,0,0
2.32,4.64,0,2,0,0,10000000,0,0,0
2.322,4.644,0,2,0,0,10000000,0,0,0
2.324,4.648,0,2,0,0,10000000,0,0,0
2.326,4.652,0,2,0,0,10000000,0,0,0
2.328,4.656,0,2,0,0,10000000,0,0,0
2.33,4.66,0,2,0,0,10000000,0,0,0
2.332,4.664,0,2,0,0,10000000,0,0,0
2.334,4.668,0,2,0,0,10000000,0,0,0
2.336,4.672,0,2,0,0,10000000,0,0,0
2.338,4.676,0,2,0,0,10000000,0,0,0
2.34,4.68,0,2,0,0,10000000,0,0,0
2.342,4.684,0,2,0,0,10000000,0,0,0
2.344,4.688,0,2,0,0,10000000,0,0,0
2.346,4.692,0,2,0,0,10000000,0,0,0
2.348,4.696,0,2,0,0,10000000,0,0,0
2.35,4.7,0,2,0,0,10000000,0,0,0
2.352,4.704,0,2,0,0,10000000,0,0,0
2.354,4.708,0,2,0,0,10000000,0,0,0
2.356,4.712,0,2,0,0,10000000,0,0,0
2.358,4.716,0,2,0,0,10000000,0,0,0
2.36,4.72,0,2,0,0,10000000,0,0,0
2.362,4.724,0,2,0,0,10000000,0,0,0
2.364,4.728,0,2,0,0,10000000,0,0,0
2.366,4.732,0,2,0,0,10000000,0,0,0
2.368,4.736,0,2,0,0,10000000,0,0,0
2.37,4.74,0,2,0,0,10000000,0,0,0
2.372,4.744,0,2,0,0,10000000,0,0,0
2.374,4.748,0,2,0,0,10000000,0,0,0
2.376,4.752,0,2,0,0,10000000,0,0,0
2.378,4.756,0,2,0,0,10000000,0,0,0
2.38,4.76,0,2,0,0,10000000,0,0,0
2.382,4.764,0,2,0,0,10000000,0,0,0
2.384,4.768,0,2,0,0,10000000,0,0,0
2.386,4.772,0,2,0,0,10000000,0,0,0
2.388,4.776,0,2,0,0,10000000,0,0,0
2.39,4.78,0,2,0,0,10000000,0,0,0
2.392,4.784,0,2,0,0,10000000,0,0,0
2.394,4.788,0,2,0,0,10000000,0,0,0
2.396,4.792,0,2,0,0,10000000,0,0,0
2.398,4.796,0,2,0,0,10000000,0,0,0
2.4,4.8,0,2,0,0,10000000,0,0,0
2.402,4.804,0,2,0,0,10000000,0,0,0
2.404,4.808,0,2,0,0,10000000,0,0,0
2.406,4.812,0,2,0,0,10000000,0,0,0
2.408,4.816,0,2,0,0,10000000,0,0,0
2.41,4.82,0,2,0,0,10000000,0,0,0
2.412,4.824,0,2,0,0,10000000,0,0,0
2.414,4.828,0,2,0,0,10000000,0,0,0
2.416,4.832,0,2,0,0,10000000,0,0,0
2.418,4.836,0,2,0,0,10000000,0,0,0
2.42,4.84,0,2,0,0,10000000,0,0,0
2.422,4.844,0,2,0,0,10000000,0,0,0
2.424,4.848,0,2,0,0,10000000,0,0,0
2.426,4.852,0,2,0,0,10000000,0,0,0
2.428,4.856,0,2,0,0,10000000,0,0,0
2.43,4.86,0,2,0,0,10000000,0,0,0
2.432,4.864,0,2,0,0,10000000,0,0,0
2.434,4.868,0,2,0,0,10000000,0,0,0
2.436,4.872,0,2,0,0,10000000,0,0,0
2.438,4.876,0,2,0,0,10000000,0,0,0
2.44,4.88,0,2,0,0,10000000,0,0,0
2.442,4.884,0,2,0,0,10000000,0,0,0
2.444,4.888,0,2,0,0,10000000,0,0,0
2.446,4.892,0,2,0,0,10000000,0,0,0
2.448,4.896,0,2,0,0,10000000,0,0,0
2.45,4.9,0,2,0,0,10000000,0,0,0
2.452,4.904,0,2,0,0,10000000,0,0,0
2.454,4.908,0,2,0,0,10000000,0,0,0
2.456,4.912,0,2,0,0,10000000,0,0,0
2.458,4.916,0,2,0,0,10000000,0,0,0
2.46,4.92,0,2,0,0,10000000,0,0,0
2.462,4.924,0,2,0,0,10000000,0,0,0
2.464,4.928,0,2,0,0,10000000,0,0,0
2.466,4.932,0,2,0,0,10000000,0,0,0
2.468,4.936,0,2,0,0,10000000,0,0,0
2.47,4.94,0,2,0,0,10000000,0,0,0
2.472,4.944,0,2,0,0,10000000,0,0,0
2.474,4.948,0,2,0,0,10000000,0,0,0
2.476,4.952,0,2,0,0,10000000,0,0,0
2.478,4.956,0,2,0,0,10000000,0,0,0
2.48,4.96,0,2,0,0,10000000,0,0,0
2.482,4.964,0,2,0,0,10000000,0,0,0
2.484,4.968,0,2,0,0,10000000,0,0,0
2.486,4.972,0,2,0,0,10000000,0,0,0
2.488,4.976,0,2,0,0,10000000,0,0,0
2.49,4.98,0,2,0,0,10000000,0,0,0
2.492,4.984,0,2,0,0,10000000,0,0,0
2.494,4.988,0,2,0,0,10000000,0,0,0
2.496,4.992,0,2,0,0,10000000,0,0,0
2.498,4.996,0,2,0,0,10000000,0,0,0
2.5,5,0,2,0,0,10000000,0,0,0
2.502,5.004,0,2,0,0,10000000,0,0,0
2.504,5.008,0,2,0,0,10000000,0,0,0
2.506,5.012,0,2,0,0,10000000,0,0,0
2.508,5.016,0,2,0,0,10000000,0,0,0
2.51,5.02,0,2,0,0,10000000,0,0,0
2.512,5.024,0,2,0,0,10000000,0,0,0
2.514,5.028,0,2,0,0,10000000,0,0,0
2.516,5.032,0,2,0,0,10000000,0,0,0
2.518,5.036,0,2,0,0,10000000,0,0,0
2.52,5.04,0,2,0,0,10000000,0,0,0
2.522,5.044,0,2,0,0,10000000,0,0,0
2.524,5.048,0,2,0,0,10000000,0,0,0
2.526,5.052,0,2,0,0,10000000,0,0,0
2.528,5.056,0,2,0,0,10000000,0,0,0
2.53,5.06,0,2,0,0,10000000,0,0,0
2.532,5.064,0,2,0,0,10000000,0,0,0
2.534,5.068,0,2,0,0,10000000,0,0,0
2.536,5.072,0,2,0,0,10000000,0,0,0
2.538,5.076,0,2,0,0,10000000,0,0,0
2.54,5.08,0,2,0,0,10000000,0,0,0
2.542,5.084,0,2,0,0,10000000,0,0,0
2.544,5.088,0,2,0,0,10000000,0,0,0
2.546,5.092,0,2,0,0,10000000,0,0,0
2.548,5.096,0,2,0,0,10000000,0,0,0
2.55,5.1,0,2,0,0,10000000,0,0,0
2.552,5.104,0,2,0,0,10000000,0,0,0
2.554,5.108,0,2,0,0,10000000,0,0,0
2.556,5.112,0,2,0,0,10000000,0,0,0
2.558,5.116,0,2,0,0,10000000,0,0,0
2.56,5.12,0,2,0,0,10000000,0,0,0
2.562,5.124,0,2,0,0,10000000,0,0,0
2.564,5.128,0,2,0,0,10000000,0,0,0
2.566,5.132,0,2,0,0,10000000,0,0,0
2.568,5.136,0,2,0,0,10000000,0,0,0
2.57,5.14,0,2,0,0,10000000,0,0,0
2.572,5.144,0,2,0,0,10000000,0,0,0
2.574,5.148,0,2,0,0,10000000,0,0,0
2.576,5.152,0,2,0,0,10000000,0,0,0
2.578,5.156,0,2,0,0,10000000,0,0,0
2.58,5.16,0,2,0,0,10000000,0,0,0
2.582,5.164,0,2,0,0,10000000,0,0,0
2.584,5.168,0,2,0,0,10000000,0,0,0
2.586,5.172,0,2,0,0,10000000,0,0,0
2.588,5.176,0,2,0,0,10000000,0,0,0
2.59,5.18,0,2,0,0,10000000,0,0,0
2.592,5.184,0,2,0,0,10000000,0,0,0
2.594,5.188,0,2,0,0,10000000,0,0,0
2.596,5.192,0,2,0,0,10000000,0,0,0
2.598,5.196,0,2,0,0,10000000,0,0,0
2.6,5.2,0,2,0,0,10000000,0,0,0
2.602,5.204,0,2,0,0,10000000,0,0,0
2.604,5.208,0,2,0,0,10000000,0,0,0
2.606,5.212,0,2,0,0,10000000,0,0,0
2.608,5.216,0,2,0,0,10000000,0,0,0
2.61,5.22,0,2,0,0,10000000,0,0,0
2.612,5.224,0,2,0,0,10000000,0,0,0
2.614,5.228,0,2,0,0,10000000,0,0,0
2.616,5.232,0,2,0,0,10000000,0,0,0
2.618,5.236,0,2,0,0,10000000,0,0,0
2.62,5.24,0,2,0,0,10000000,0,0,0
2.622,5.244,0,2,0,0,10000000,0,0,0
2.624,5.248,0,2,0,0,10000000,0,0,0
2.626,5.252,0,2,0,0,10000000,0,0,0
2.628,5.256,0,2,0,0,10000000,0,0,0
2.63,5.26,0,2,0,0,10000000,0,0,0
2.632,5.264,0,2,0,0,10000000,0,0,0
2.634,5.268,0,2,0,0,10000000,0,0,0
2.636,5.272,0,2,0,0,10000000,0,0,0
2.638,5.276,0,2,0,0,10000000,0,0,0
2.64,5.28,0,2,0,0,10000000,0,0,0
2.642,5.284,0,2,0,0,10000000,0,0,0
2.644,5.288,0,2,0,0,10000000,0,0,0
2.646,5.292,0,2,0,0,10000000,0,0,0
2.648,5.296,0,2,0,0,10000000,0,0,0
2.65,5.3,0,2,0,0,10000000,0,0,0
2.652,5.304,0,2,0,0,10000000,0,0,0
2.654,5.308,0,2,0,0,10000000,0,0,0
2.656,5.312,0,2,0,0,10000000,0,0,0
2.658,5.316,0,2,0,0,10000000,0,0,0
2.66,5.32,0,2,0,0,10000000,0,0,0
2.662,5.324,0,2,0,0,10000000,0,0,0
2.664,5.328,0,2,0,0,10000000,0,0,0
2.666,5.332,0,2,0,0,10000000,0,0,0
2.668,5.336,0,2,0,0,10000000,0,0,0
2.67,5.34,0,2,0,0,10000000,0,0,0
2.672,5.344,0,2,0,0,10000000,0,0,0
2.674,5.348,0,2,0,0,10000000,0,0,0
2.676,5.352,0,2,0,0,10000000,0,0,0
2.678,5.356,0,2,0,0,10000000,0,0,0
2.68,5.36,0,2,0,0,10000000,0,0,0
2.682,5.364,0,2,0,0,10000000,0,0,0
2.684,5.368,0,2,0,0,10000000,0,0,0
2.686,5.372,0,2,0,0,10000000,0,0,0
2.688,5.376,0,2,0,0,10000000,0,0,0
2.69,5.38,0,2,0,0,10000000,0,0,0
2.692,5.384,0,2,0,0,10000000,0,0,0
2.694,5.388,0,2,0,0,10000000,0,0,0
2.696,5.392,0,2,0,0,10000000,0,0,0
2.698,5.396,0,2,0,0,10000000,0,0,0
2.7,5.4,0,2,0,0,10000000,0,0,0
2.702,5.404,0,2,0,0,10000000,0,0,0
2.704,5.408,0,2,0,0,10000000,0,0,0
2.706,5.412,0,2,0,0,10000000,0,0,0
2.708,5.416,0,2,0,0,10000000,0,0,0
2.71,5.42,0,2,0,0,10000000,0,0,0
2.712,5.424,0,2,0,0,10000000,0,0,0
2.714,5.428,0,2,0,0,10000000,0,0,0
2.716,5.432,0,2,0,0,10000000,0,0,0
2.718,5.436,0,2,0,0,10000000,0,0,0
2.72,5.44,0,2,0,0,10000000,0,0,0
2.722,5.444,0,2,0,0,10000000,0,0,0
2.724,5.448,0,2,0,0,10000000,0,0,0
2.726,5.452,0,2,0,0,10000000,0,0,0
2.728,5.456,0,2,0,0,10000000,0,0,0
2.73,5.46,0,2,0,0,10000000,0,0,0
2.732,5.464,0,2,0,0,10000000,0,0,0
2.734,5.468,0,2,0,0,10000000,0,0,0
2.736,5.472,0,2,0,0,10000000,0,0,0
2.738,5.476,0,2,0,0,10000000,0,0,0
2.74,5.48,0,2,0,0,10000000,0,0,0
2.742,5.484,0,2,0,0,10000000,0,0,0
2.744,5.488,0,2,0,0,10000000,0,0,0
2.746,5.492,0,2,0,0,10000000,0,0,0
2.748,5.496,0,2,0,0,10000000,0,0,0
2.75,5.5,0,2,0,0,10000000,0,0,0
2.752,5.504,0,2,0,0,10000000,0,0,0
2.754,5.508,0,2,0,0,10000000,0,0,0
2.756,5.512,0,2,0,0,10000000,0,0,0
2.758,5.516,0,2,0,0,10000000,0,0,0
2.76,5.52,0,2,0,0,10000000,0,0,0
2.762,5.524,0,2,0,0,10000000,0,0,0
2.764,5.528,0,2,0,0,10000000,0,0,0
2.766,5.532,0,2,0,0,10000000,0,0,0
2.768,5.536,0,2,0,0,10000000,0,0,0
2.77,5.54,0,2,0,0,10000000,0,0,0
2.772,5.544,0,2,0,0,10000000,0,0,0
2.774,5.548,0,2,0,0,10000000,0,0,0
2.776,5.552,0,2,0,0,10000000,0,0,0
2.778,5.556,0,2,0,0,10000000,0,0,0
2.78,5.56,0,2,0,0,10000000,0,0,0
2.782,5.564,0,2,0,0,10000000,0,0,0
2.784,5.568,0,2,0,0,10000000,0,0,0
2.786,5.572,0,2,0,0,10000000,0,0,0
2.788,5.576,0,2,0,0,10000000,0,0,0
2.79,5.58,0,2,0,0,10000000,0,0,0
2.792,5.584,0,2,0,0,10000000,0,0,0
2.794,5.588,0,2,0,0,10000000,0,0,0
2.796,5.592,0,2,0,0,10000000,0,0,0
2.798,5.596,0,2,0,0,10000000,0,0,0
2.8,5.6,0,2,0,0,10000000,0,0,0
2.802,5.604,0,2,0,0,10000000,0,0,0
2.804,5.608,0,2,0,0,10000000,0,0,0
2.806,5.612,0,2,0,0,10000000,0,0,0
2.808,5.616,0,2,0,0,10000000,0,0,0
2.81,5.62,0,2,0,0,10000000,0,0,0
2.812,5.624,0,2,0,0,10000000,0,0,0
2.814,5.628,0,2,0,0,10000000,0,0,0
2.816,5.632,0,2,0,0,10000000,0,0,0
2.818,5.636,0,2,0,0,10000000,0,0,0
2.82,5.64,0,2,0,0,10000000,0,0,0
2.822,5.644,0,2,0,0,10000000,0,0,0
2.824,5.648,0,2,0,0,10000000,0,0,0
2.826,5.652,0,2,0,0,10000000,0,0,0
2.828,5.656,0,2,0,0,10000000,0,0,0
2.83,5.66,0,2,0,0,10000000,0,0,0
2.832,5.664,0,2,0,0,10000000,0,0,0
2.834,5.668,0,2,0,0,10000000,0,0,0
2.836,5.672,0,2,0,0,10000000,0,0,0
2.838,5.676,0,2,0,0,10000000,0,0,0
2.84,5.68,0,2,0,0,10000000,0,0,0
2.842,5.684,0,2,0,0,10000000,0,0,0
2.844,5.688,0,2,0,0,10000000,0,0,0
2.846,5.692,0,2,0,0,10000000,0,0,0
2.848,5.696,0,2,0,0,10000000,0,0,0
2.85,5.7,0,2,0,0,10000000,0,0,0
2.852,5.704,0,2,0,0,10000000,0,0,0
2.854,5.708,0,2,0,0,10000000,0,0,0
2.856,5.712,0,2,0,0,10000000,0,0,0
2.858,5.716,0,2,0,0,10000000,0,0,0
2.86,5.72,0,2,0,0,10000000,0,0,0
2.862,5.724,0,2,0,0,10000000,0,0,0
2.864,5.728,0,2,0,0,10000000,0,0,0
2.866,5.732,0,2,0,0,10000000,0,0,0
2.868,5.736,0,2,0,0,10000000,0,0,0
2.87,5.74,0,2,0,0,10000000,0,0,0
2.872,5.744,0,2,0,0,10000000,0,0,0
2.874,5.748,0,2,0,0,10000000,0,0,0
2.876,5.752,0,2,0,0,10000000,0,0,0
2.878,5.756,0,2,0,0,10000000,0,0,0
2.88,5.76,0,2,0,0,10000000,0,0,0
2.882,5.764,0,2,0,0,10000000,0,0,0
2.884,5.768,0,2,0,0,10000000,0,0,0
2.886,5.772,0,2,0,0,10000000,0,0,0
2.888,5.776,0,2,0,0,10000000,0,0,0
2.89,5.78,0,2,0,0,10000000,0,0,0
2.892,5.784,0,2,0,0,10000000,0,0,0
2.894,5.788,0,2,0,0,10000000,0,0,0
2.896,5.792,0,2,0,0,10000000,0,0,0
2.898,5.796,0,2,0,0,10000000,0,0,0
2.9,5.8,0,2,0,0,10000000,0,0,0
2.902,5.804,0,2,0,0,10000000,0,0,0
2.904,5.808,0,2,0,0,10000000,0,0,0
2.906,5.812,0,2,0,0,10000000,0,0,0
2.908,5.816,0,2,0,0,10000000,0,0,0
2.91,5.82,0,2,0,0,10000000,0,0,0
2.912,5.824,0,2,0,0,10000000,0,0,0
2.914,5.828,0,2,0,0,10000000,0,0,0
2.916,5.832,0,2,0,0,10000000,0,0,0
2.918,5.836,0,2,0,0,10000000,0,0,0
2.92,5.84,0,2,0,0,10000000,0,0,0
2.922,5.844,0,2,0,0,10000000,0,0,0
2.924,5.848,0,2,0,0,10000000,0,0,0
2.926,5.852,0,2,0,0,10000000,0,0,0
2.928,5.856,0,2,0,0,10000000,0,0,0
2.93,5.86,0,2,0,0,10000000,0,0,0
2.932,5.864,0,2,0,0,10000000,0,0,0
2.934,5.868,0,2,0,0,10000000,0,0,0
2.936,5.872,0,2,0,0,10000000,0,0,0
2.938,5.876,0,2,0,0,10000000,0,0,0
2.94,5.88,0,2,0,0,10000000,0,0,0
2.942,5.884,0,2,0,0,10000000,0,0,0
2.944,5.888,0,2,0,0,10000000,0,0,0
2.946,5.892,0,2,0,0,10000000,0,0,0
2.948,5.896,0,2,0,0,10000000,0,0,0
2.95,5.9,0,2,0,0,10000000,0,0,0
2.952,5.904,0,2,0,0,10000000,0,0,0
2.954,5.908,0,2,0,0,10000000,0,0,0
2.956,5.912,0,2,0,0,10000000,0,0,0
2.958,5.916,0,2,0,0,10000000,0,0,0
2.96,5.92,0,2,0,0,10000000,0,0,0
2.962,5.924,0,2,0,0,10000000,0,0,0
2.964,5.928,0,2,0,0,10000000,0,0,0
2.966,5.932,0,2,0,0,10000000,0,0,0
2.968,5.936,0,2,0,0,10000000,0,0,0
2.97,5.94,0,2,0,0,10000000,0,0,0
2.972,5.944,0,2,0,0,10000000,0,0,0
2.974,5.948,0,2,0,0,10000000,0,0,0
2.976,5.952,0,2,0,0,10000000,0,0,0
2.978,5.956,0,2,0,0,10000000,0,0,0
2.98,5.96,0,2,0,0,10000000,0,0,0
2.982,5.964,0,2,0,0,10000000,0,0,0
2.984,5.968,0,2,0,0,10000000,0,0,0
2.986,5.972,0,2,0,0,10000000,0,0,0
2.988,5.976,0,2,0,0,10000000,0,0,0
2.99,5.98,0,2,0,0,10000000,0,0,0
2.992,5.984,0,2,0,0,10000000,0,0,0
2.994,5.988,0,2,0,0,10000000,0,0,0
2.996,5.992,0,2,0,0,10000000,0,0,0
2.998,5.996,0,2,0,0,10000000,0,0,0
3,6,0,2,0,0,10000000,0,0,0
3,6,0,2,0,0,10000000,0,0,0
