"time","V","i_L","der(V)","der(i_L)","i_C","i_R"
0,0,0,0,24,0,0
0.002,0.04766516705154642,0.04796812827064091,47.49147660012544,23.95233483294845,0.04749147660012545,0.0004766516705154642
0.004,0.1892119587320458,0.09574672770897405,93.8546081216536,23.81078804126795,0.0938546081216536,0.001892119587320458
0.006,0.4222224981055079,0.1431503301937262,138.9281052126711,23.57777750189449,0.1389281052126711,0.004222224981055079
0.008,0.7439626597927573,0.1899986961549579,182.5590695570303,23.25603734020724,0.1825590695570304,0.007439626597927573
0.01,1.151401226110994,0.2361173537159462,224.6033414548363,22.84859877388901,0.2246033414548363,0.01151401226110994
0.012,1.64122840224137,0.2813381672603265,264.9258832379128,22.35877159775863,0.2649258832379128,0.0164122840224137
0.014,2.209873522829944,0.325499887670382,303.4011524420826,21.79012647717006,0.3034011524420826,0.02209873522829944
0.016,2.853524517717106,0.3684486543592426,339.9134091820716,21.1464754822829,0.3399134091820716,0.02853524517717106
0.018,3.568148000183373,0.4100384573769716,374.3569773751379,20.43185199981663,0.3743569773751379,0.03568148000183373
0.02,4.349509567683894,0.4501315528855042,406.6364572086652,19.6504904323161,0.4066364572086652,0.04349509567683894
0.022,5.193194595828619,0.488598822642418,436.6668766841318,18.80680540417138,0.4366668766841318,0.05193194595828619
0.024,6.094628945555237,0.5253201458005388,464.3738563449864,17.90537105444476,0.4643738563449864,0.06094628945555237
0.026,7.049100104413337,0.5601847397640551,489.6937387199218,16.95089989558666,0.4896937387199218,0.07049100104413336
0.028,8.051778694441529,0.5930913729451588,512.5735860007435,15.94822130555847,0.5125735860007435,0.08051778694441529
0.03,9.097740786411091,0.6239484897811153,532.9710819170043,14.90225921358891,0.5329710819170044,0.0909774078641109
0.032,10.18198799504605,0.652674522370659,550.8546424201985,13.81801200495395,0.5508546424201985,0.1018198799504604
0.034,11.29946966244533,0.6791980248345179,566.2033282100646,12.70053033755467,0.5662033282100646,0.1129946966244533
0.036,12.44510347985047,0.7034575127576275,579.0064779591228,11.55489652014953,0.5790064779591227,0.1244510347985047
0.038,13.61379685679372,0.7254018608700707,589.2638923021336,10.38620314320628,0.5892638923021336,0.1361379685679372
0.04,14.80046607169863,0.7449899768105219,596.9853160935356,9.199533928301371,0.5969853160935357,0.1480046607169863
0.042,16.00005754165898,0.762191012971869,602.1904375552791,7.999942458341021,0.6021904375552791,0.1600005754165898
0.044,17.20756633583766,0.7769841261221708,604.9084627637942,6.792433664162338,0.6049084627637942,0.1720756633583766
0.046,18.41805473694344,0.7893584013759775,605.1778540065432,5.581945263056561,0.6051778540065431,0.1841805473694344
0.048,19.62667236445991,0.7993128088788957,603.0460852342965,4.373327635540086,0.6030460852342965,0.1962667236445991
0.05,20.82867028721275,0.8068557851446888,598.5690822725613,3.171329712787248,0.5985690822725613,0.2082867028721275
0.052,22.01942213166506,0.8120052894435519,591.8110681269012,1.980577868334937,0.5918110681269012,0.2201942213166506
0.054,23.19443554035515,0.814788278141868,582.8439227383166,0.8055644596448452,0.5828439227383165,0.2319443554035515
0.056,24.34937091043144,0.8152406247663656,571.7469156620512,-0.3493709104314426,0.5717469156620512,0.2434937091043144
0.058,25.48005374084146,0.8134066900332682,558.6061526248536,-1.480053740841456,0.5586061526248536,0.2548005374084146
0.06,26.58248675895249,0.8093389689636152,543.5141013740903,-2.582486758952488,0.5435141013740903,0.2658248675895249
0.062,27.65286672469862,0.8030978535376904,526.5691862907041,-3.652866724698619,0.5265691862907041,0.2765286672469862
0.064,28.68758894539157,0.7947510357792715,507.8751463253558,-4.687588945391571,0.5078751463253558,0.2868758894539157
0.066,29.68326479684012,0.7843733017826796,487.5406538142784,-5.683264796840124,0.4875406538142784,0.2968326479684013
0.068,30.6367244682165,0.7720459209529632,465.6786762707982,-6.636724468216496,0.4656786762707982,0.306367244682165
0.07000000000000001,31.54502970957589,0.7578563169158339,442.4060198200749,-7.545029709575893,0.4424060198200749,0.3154502970957589
0.07199999999999999,32.40547927433,0.7418975454242888,417.8427526809888,-8.405479274329998,0.4178427526809888,0.3240547927433
0.074,33.21561257443854,0.7242677944709696,392.1116687265842,-9.215612574438538,0.3921116687265842,0.3321561257443854
0.076,33.97322100935087,0.7050699784112623,365.3377683177536,-9.973221009350873,0.3653377683177536,0.3397322100935087
0.078,34.6763432599285,0.6844111251025738,337.6476925032889,-10.6763432599285,0.3376476925032889,0.346763432599285
0.08,35.32327635330798,0.6624019709851442,309.1692074520644,-11.32327635330798,0.3091692074520644,0.3532327635330798
0.082,35.91257071789294,0.6391563754888895,280.0306683099601,-11.91257071789294,0.2800306683099601,0.3591257071789294
0.08400000000000001,36.44303490834293,0.614790854585034,250.3605055016047,-12.44303490834293,0.2503605055016047,0.3644303490834293
0.08599999999999999,36.91373458342753,0.5894240453120524,220.2866994777771,-12.91373458342753,0.2202866994777771,0.3691373458342753
0.08799999999999999,37.32398795018928,0.5631761996374395,189.9363201355467,-13.32398795018928,0.1899363201355467,0.3732398795018927
0.09,37.67336993291404,0.5361686765009117,159.4349771717713,-13.67336993291404,0.1594349771717713,0.3767336993291404
0.092,37.96170087356316,0.5085234423170124,128.9064335813808,-13.96170087356316,0.1289064335813808,0.3796170087356316
0.094,38.18904959893019,0.4803625667075312,98.47207071822928,-14.18904959893019,0.09847207071822928,0.3818904959893019
0.096,38.35572290037065,0.4518077479457971,68.25051894209061,-14.35572290037065,0.06825051894209061,0.3835572290037065
0.098,38.46226225691721,0.4229798384236176,38.35721585444551,-14.46226225691721,0.03835721585444551,0.3846226225691721
0.1,38.50943754227393,0.3939983600850775,8.903984662338216,-14.50943754227393,0.008903984662338216,0.3850943754227393
0.102,38.4982360360202,0.3649811115209639,-20.00124883923804,-14.4982360360202,-0.02000124883923804,0.3849823603602019
0.104,38.42985966779132,0.3360436519980333,-48.2549446798799,-14.42985966779132,-0.0482549446798799,0.3842985966779132
0.106,38.30570999035226,0.3072989860665843,-75.75811383693825,-14.30570999035226,-0.07575811383693826,0.3830570999035225
0.108,38.12738380256256,0.2788570770909858,-102.4167609346399,-14.12738380256256,-0.1024167609346399,0.3812738380256256
0.11,37.89665953875519,0.2508245332591283,-128.1420621284236,-13.89665953875519,-0.1281420621284236,0.378966595387552
0.112,37.61548787391833,0.2233042420045793,-152.850636734604,-13.61548787391833,-0.152850636734604,0.3761548787391832
0.114,37.28598164059338,0.1963949806167182,-176.4648357892156,-13.28598164059338,-0.1764648357892156,0.3728598164059338
0.116,36.91040151229662,0.1701912212225496,-198.9127939004165,-12.91040151229662,-0.1989127939004165,0.3691040151229661
0.118,36.4911476295162,0.1447826904908763,-220.1287858042857,-12.4911476295162,-0.2201287858042857,0.364911476295162
0.12,36.03074393453284,0.1202542655060948,-240.0531738392336,-12.03074393453284,-0.2400531738392336,0.3603074393453284
0.122,35.53182836962451,0.09668560437468003,-258.6326793215651,-11.53182836962451,-0.2586326793215651,0.3553182836962451
0.124,34.99713859516232,0.07415100761983745,-275.8203783317857,-10.99713859516232,-0.2758203783317857,0.3499713859516232
0.126,34.42949962027149,0.05271924109471741,-291.5757551079975,-10.42949962027149,-0.2915757551079975,0.3442949962027149
0.128,33.83181143661845,0.03245326744654363,-305.8648469196409,-9.831811436618452,-0.3058648469196409,0.3383181143661845
0.13,33.20703502138826,0.01341028290205558,-318.660067311827,-9.207035021388258,-0.318660067311827,0.3320703502138826
0.132,32.5581803901111,-0.004358586326918118,-329.9403902280291,-8.558180390111104,-0.3299403902280291,0.325581803901111
0.134,31.88829299573209,-0.02080819068354632,-339.6911206408672,-7.888292995732087,-0.3396911206408672,0.3188829299573209
0.136,31.20044142644067,-0.03589954719856778,-347.9039614629745,-7.200441426440666,-0.3479039614629745,0.3120044142644067
0.138,30.4977044266315,-0.04959981532321869,-354.5768595895336,-6.497704426631497,-0.3545768595895336,0.3049770442663149
0.14,29.7831591185734,-0.06188226207917039,-359.7138532649043,-5.783159118573398,-0.3597138532649043,0.297831591185734
0.142,29.05986777184233,-0.07272639202983776,-363.3250697482611,-5.059867771842331,-0.3633250697482611,0.2905986777184233
0.144,28.33086744640693,-0.0821177059851745,-365.4263804492438,-4.330867446406934,-0.3654263804492438,0.2833086744640693
0.146,27.59915685183252,-0.09004783337013431,-366.0394018884595,-3.599156851832522,-0.3660394018884595,0.2759915685183252
0.148,26.86768670683225,-0.09651428707354702,-365.1911541418695,-2.867686706832249,-0.3651911541418695,0.2686768670683225
0.15,26.13934805610418,-0.1015204579790972,-362.913938540139,-2.139348056104176,-0.362913938540139,0.2613934805610418
0.152,25.41696200721081,-0.1050754564685244,-359.2450765406325,-1.41696200721081,-0.3592450765406325,0.2541696200721081
0.154,24.7032713189495,-0.1071939089615041,-354.2266221509992,-0.7032713189495041,-0.3542266221509991,0.247032713189495
0.156,24.0009282916912,-0.1078959186469508,-347.9052015638627,-0.0009282916911992345,-0.3479052015638627,0.240009282916912
0.158,23.31248963503454,-0.107206716789243,-340.3316131395884,0.6875103649654584,-0.3403316131395884,0.2331248963503454
0.16,22.64040477055141,-0.1051566090118154,-331.5606567173295,1.35959522944859,-0.3315606567173295,0.2264040477055141
0.162,21.98701098692017,-0.1017806438427929,-321.6507537119946,2.012989013079832,-0.3216507537119946,0.2198701098692017
0.164,21.35452499554516,-0.09711844133237543,-310.6636912878271,2.645475004454838,-0.3106636912878271,0.2135452499554516
0.166,20.74503615466306,-0.09121394163119596,-298.6643031778266,3.254963845336938,-0.2986643031778266,0.2074503615466306
0.168,20.16050308310544,-0.08411509582295906,-285.7201266540135,3.839496916894561,-0.2857201266540135,0.2016050308310544
0.17,19.60274447146776,-0.07587368488169682,-271.9011295963743,4.397255528532245,-0.2719011295963744,0.1960274447146776
0.172,19.0734393469244,-0.0665449391419103,-257.2793326111542,4.926560653075605,-0.2572793326111543,0.190734393469244
0.174,18.57411896795731,-0.05618733644223469,-241.9285261218078,5.425881032042689,-0.2419285261218078,0.1857411896795731
0.176,18.10616666271164,-0.04486224796173782,-225.9239145888542,5.893833337288356,-0.2259239145888542,0.1810616666271164
0.178,17.67081421133986,-0.03263366514558232,-209.3418072589809,6.329185788660137,-0.2093418072589809,0.1767081421133986
0.18,17.26913875528814,-0.01956789784344161,-192.259285396323,6.730861244711861,-0.192259285396323,0.1726913875528814
0.182,16.90206483335855,-0.005733241123758836,-174.7538894573443,7.097935166641449,-0.1747538894573444,0.1690206483335855
0.184,16.57035921995362,0.008800300805274493,-156.9032913942617,7.429640780046384,-0.1569032913942617,0.1657035921995361
0.186,16.27463577617082,0.02396135732518619,-138.785000436522,7.725364223829178,-0.138785000436522,0.1627463577617082
0.188,16.01535208541616,0.03967747769882334,-120.4760431553383,7.984647914583835,-0.1204760431553383,0.1601535208541617
0.19,15.79281317467099,0.05587545424891035,-102.0526774977995,8.207186825329014,-0.1020526774977995,0.1579281317467099
0.192,15.60717301230522,0.07248161564723367,-83.59011447581852,8.392826987694779,-0.08359011447581853,0.1560717301230522
0.194,15.45843489289391,0.08942214129203009,-65.16220763690903,8.541565107106088,-0.06516220763690904,0.1545843489289391
0.196,15.34645803397073,0.1066233372134357,-46.84124312627162,8.65354196602927,-0.04684124312627162,0.1534645803397073
0.198,15.27095676361941,0.1240119510694016,-28.69761656679255,8.729043236380589,-0.02869761656679255,0.1527095676361941
0.2,15.23150847512844,0.1415154250791402,-10.79965967214419,8.768491524871562,-0.01079965967214419,0.1523150847512844
0.202,15.22755501671871,0.1590621930631194,6.786642895932338,8.772444983281289,0.006786642895932338,0.1522755501671871
0.204,15.25840911193753,0.1765819352671633,23.99784414778802,8.741590888062474,0.02399784414778802,0.1525840911193753
0.206,15.32326000143213,0.1940058132002266,40.77321318590529,8.676739998567873,0.04077321318590529,0.1532326000143213
0.208,15.42117685347138,0.2112667654034602,57.05499686874638,8.578823146528618,0.05705499686874638,0.1542117685347138
0.21,15.55111807287239,0.2282996630073738,72.78848227864989,8.44888192712761,0.0727884822786499,0.1555111807287239
0.212,15.71193442227838,0.2450416083036148,87.92226408083103,8.288065577721625,0.08792226408083104,0.1571193442227838
0.214,15.90237830974578,0.2614320698348773,102.4082867374195,8.097621690254217,0.1024082867374195,0.1590237830974578
0.216,16.12110892064158,0.2774131230378359,116.2020338314201,7.878891079358421,0.1162020338314201,0.1612110892064158
0.218,16.36670009482554,0.2929296154401199,129.2626144918645,7.633299905174457,0.1292626144918645,0.1636670009482554
0.22,16.63764804251779,0.3079292941002116,141.5528136750337,7.362351957482208,0.1415528136750337,0.1663764804251779
0.222,16.93237752424981,0.3223630405050741,153.039265262576,7.067622475750188,0.153039265262576,0.1693237752424981
0.224,17.2492511891959,0.3361848913629183,163.6923794709593,6.750748810804097,0.1636923794709593,0.172492511891959
0.226,17.58657579196233,0.3493522661837948,173.4865082641715,6.413424208037668,0.1734865082641715,0.1758657579196233
0.228,17.94261109032655,0.3618259828138646,182.3998719105992,6.057388909673453,0.1823998719105992,0.1794261109032655
0.23,18.31557699937633,0.37357039487195,190.4146248781868,5.684423000623674,0.1904146248781868,0.1831557699937633
0.232,18.70366172534052,0.3845534620072316,197.5168447538264,5.296338274659483,0.1975168447538264,0.1870366172534052
0.234,19.10502949856622,0.3947467518075458,203.6964568218835,4.894970501433775,0.2036964568218836,0.1910502949856623
0.236,19.5178283161864,0.4041255812763445,208.9472981144805,4.482171683813601,0.2089472981144805,0.195178283161864
0.238,19.94019754108404,0.4126689201367471,213.2669447259067,4.059802458915961,0.2132669447259067,0.1994019754108404
0.24,20.37027558750469,0.4203595109983024,216.6567551232555,3.62972441249531,0.2166567551232555,0.2037027558750469
0.242,20.80620715436156,0.4271837836253778,219.1217120817622,3.193792845638445,0.2191217120817622,0.2080620715436156
0.244,21.24615041707558,0.4331318710477509,220.6703668769951,2.753849582924424,0.2206703668769951,0.2124615041707558
0.246,21.68828445053449,0.4381975922740499,221.314747768705,2.311715549465514,0.2213147477687051,0.2168828445053449
0.248,22.13081515541279,0.4423783388271059,221.070187272978,1.869184844587206,0.221070187272978,0.2213081515541279
0.25,22.57198312781553,0.4456751118269029,219.9552805487476,1.428016872184468,0.2199552805487476,0.2257198312781553
0.252,23.01006845398609,0.4480923409641457,217.9916564242848,0.9899315460139135,0.2179916564242848,0.2301006845398609
0.254,23.44339807257396,0.4496378884050061,215.2039076792665,0.556601927426037,0.2152039076792665,0.2344339807257396
0.256,23.87035060023083,0.4503228917193086,211.6193857170003,0.1296493997691712,0.2116193857170003,0.2387035060023083
0.258,24.28936177906949,0.4501616707271071,207.2680529364121,-0.2893617790694947,0.2072680529364122,0.242893617790695
0.26,24.69893051538423,0.4491716375206372,202.182332366795,-0.6989305153842267,0.2021823323667949,0.2469893051538423
0.262,25.09762171989653,0.4473731031268703,196.3968859279051,-1.09762171989653,0.1963968859279051,0.2509762171989653
0.264,25.48407302811659,0.4447892173274361,189.9484870462702,-1.48407302811659,0.1899484870462702,0.2548407302811659
0.266,25.85699638498863,0.4414457460773133,182.875782227427,-1.85699638498863,0.182875782227427,0.2585699638498863
0.268,26.21518357761051,0.4373709755871346,175.2191398110295,-2.215183577610514,0.1752191398110295,0.2621518357761051
0.27,26.55750842555773,0.4325955178551448,167.0204335995675,-2.557508425557732,0.1670204335995675,0.2655750842555773
0.272,26.8829292931587,0.427152145232016,158.322852300429,-2.882929293158703,0.158322852300429,0.268829292931587
0.274,27.19049333696376,0.4210756458030431,149.1707124334055,-3.190493336963758,0.1491707124334055,0.2719049333696376
0.276,27.47933576862734,0.4144026015232517,139.6092438369783,-3.479335768627344,0.1396092438369783,0.2747933576862734
0.278,27.74868449369889,0.407171252609039,129.6844076720502,-3.748684493698885,0.1296844076720502,0.2774868449369888
0.28,27.99785870029362,0.399421276406231,119.4426894032948,-3.997858700293623,0.1194426894032948,0.2799785870029362
0.282,28.22627162843562,0.3911936273977944,108.9309111134382,-4.226271628435622,0.1089309111134382,0.2822627162843562
0.284,28.43343028843425,0.382530336624023,98.19603373968044,-4.433430288434252,0.09819603373968044,0.2843343028843425
0.286,28.61893479845867,0.3734743259751866,87.28497799059991,-4.618934798458668,0.08728497799059992,0.2861893479845867
0.288,28.78248037691037,0.3640692263637331,76.24442259462938,-4.782480376910367,0.07624442259462938,0.2878248037691037
0.29,28.92385364325969,0.354359183376691,65.12064694409413,-4.923853643259687,0.06512064694409414,0.2892385364325969
0.292,29.04293456434593,0.3443886768728107,53.95933122935143,-5.042934564345927,0.05395933122935143,0.2904293456434593
0.294,29.13969275783678,0.3342023369212094,42.80540934284166,-5.139692757836777,0.04280540934284166,0.2913969275783678
0.296,29.21418727973855,0.323844765265493,31.70289246810754,-5.214187279738546,0.03170289246810754,0.2921418727973855
0.298,29.2665643011457,0.3133603543723035,20.6947113608465,-5.266564301145699,0.0206947113608465,0.292665643011457
0.3,29.29705388505927,0.3027931291561143,9.822590305521572,-5.29705388505927,0.009822590305521572,0.2929705388505927
0.302,29.30596939745307,0.2921865563047027,-0.8731376698279947,-5.305969397453069,-0.0008731376698279947,0.2930596939745307
0.304,29.29370218495712,0.2815834133484198,-11.35360850115141,-5.293702184957123,-0.01135360850115141,0.2929370218495712
0.306,29.26072068908444,0.2710256029678033,-21.58160392304109,-5.260720689084437,-0.02158160392304109,0.2926072068908444
0.308,29.20756543726419,0.2605540281477901,-31.52162622485183,-5.207565437264194,-0.03152162622485183,0.2920756543726419
0.31,29.13484632489858,0.2502084395730042,-41.14002367598157,-5.134846324898575,-0.04114002367598157,0.2913484632489858
0.312,29.04323886021017,0.2400272922463035,-50.40509635579821,-5.043238860210174,-0.05040509635579821,0.2904323886021017
0.314,28.93347936256376,0.2300476493409626,-59.28714428467502,-4.933479362563762,-0.05928714428467502,0.2893347936256376
0.316,28.80636220952058,0.2203050143321776,-67.75860776302825,-4.806362209520582,-0.06775860776302825,0.2880636220952058
0.318,28.66273403992049,0.210833277367329,-75.79406303187596,-4.662734039920494,-0.07579406303187597,0.286627340399205
0.32,28.50349063024352,0.2016645627645075,-83.37034353792768,-4.503490630243522,-0.08337034353792769,0.2850349063024352
0.322,28.32957152857938,0.192829171279166,-90.46654400662784,-4.329571528579383,-0.09046654400662785,0.2832957152857938
0.324,28.14195583352694,0.1843554870759886,-97.06407125928088,-4.141955833526943,-0.09706407125928088,0.2814195583352694
0.326,27.94165763473968,0.1762698816235422,-103.1466947238547,-3.941657634739684,-0.1031466947238547,0.2794165763473969
0.328,27.72972089502186,0.1685966976806547,-108.7005112695639,-3.729720895021863,-0.1087005112695639,0.2772972089502186
0.33,27.50721524512075,0.1613581282653261,-113.7140241858814,-3.507215245120754,-0.1137140241858814,0.2750721524512075
0.332,27.27523076708403,0.1545742384125988,-118.1780692582415,-3.275230767084032,-0.1181780692582415,0.2727523076708403
0.334,27.03487361637388,0.148262872791884,-122.0858633718548,-3.034873616373883,-0.1220858633718548,0.2703487361637388
0.336,26.78726110441085,0.1424396612327013,-125.4329498114072,-2.787261104410849,-0.1254329498114072,0.2678726110441085
0.338,26.53351723085151,0.1371180014078566,-128.2171709006585,-2.533517230851508,-0.1282171709006585,0.2653351723085151
0.34,26.27476788439462,0.1323090131131236,-130.4386657308226,-2.274767884394624,-0.1304386657308226,0.2627476788439462
0.342,26.01213665528043,0.1280216009303641,-132.0997656224401,-2.012136655280429,-0.1320997656224401,0.2601213665528043
0.344,25.74674003330212,0.124262393549124,-133.2050067838972,-1.746740033302125,-0.1332050067838972,0.2574674003330212
0.346,25.4796835565835,0.1210358262078989,-133.761009357936,-1.479683556583495,-0.1337610093579361,0.2547968355658349
0.348,25.21205730880023,0.1183441193787257,-133.7764537092766,-1.212057308800226,-0.1337764537092765,0.2521205730880023
0.35,24.94493201319554,0.1161873356499114,-133.2619844820439,-0.9449320131955368,-0.1332619844820439,0.2494493201319554
0.352,24.67935551407364,0.1145634340734706,-132.2301210672658,-0.679355514073638,-0.1322301210672658,0.2467935551407364
0.354,24.41634822012434,0.1134682741284864,-130.695208072757,-0.4163482201243376,-0.130695208072757,0.2441634822012434
0.356,24.15690079376767,0.112895737019082,-128.6732709185947,-0.1569007937676652,-0.1286732709185947,0.2415690079376767
0.358,23.90196960218868,0.1128377278318006,-126.1819681900863,0.09803039781131773,-0.1261819681900863,0.2390196960218868
0.36,23.65247465222293,0.113284295986517,-123.2404505357123,0.3475253477770686,-0.1232404505357123,0.2365247465222293
0.362,23.40929598408734,0.1142236792228772,-119.8692806179962,0.5907040159126566,-0.1198692806179962,0.2340929598408734
0.364,23.17327110834186,0.1156423967795979,-116.0903143038207,0.8267288916581386,-0.1160903143038207,0.2317327110834186
0.366,22.94519313438811,0.1175253497731108,-111.9265815707703,1.054806865611894,-0.1119265815707703,0.2294519313438811
0.368,22.72580718361672,0.1198558794252301,-107.402192410937,1.274192816383284,-0.107402192410937,0.2272580718361672
0.37,22.51581008641552,0.1226159063103075,-102.5421945538477,1.48418991358448,-0.1025421945538477,0.2251581008641552
0.372,22.31584695643966,0.1257859915535417,-97.37247801085491,1.684153043560336,-0.09737247801085491,0.2231584695643966
0.374,22.12651092806207,0.1293454693700598,-91.91963991056093,1.873489071937925,-0.09191963991056093,0.2212651092806207
0.376,21.94834114979841,0.1332725367311894,-86.2108747667947,2.051658850201594,-0.0862108747667947,0.2194834114979841
0.378,21.78182164703059,0.1375443655342866,-80.27385093601922,2.218178352969414,-0.08027385093601921,0.2178182164703059
0.38,21.62738138242547,0.1421372213515669,-74.13659247268778,2.372618617574531,-0.07413659247268778,0.2162738138242547
0.382,21.48539209226639,0.1470265598032309,-67.82736111943294,2.514607907733613,-0.06782736111943294,0.2148539209226639
0.384,21.35616976752737,0.1521871569878757,-61.37454068739797,2.643830232472627,-0.06137454068739798,0.2135616976752737
0.386,21.23997287701558,0.1575932088246,-54.80651994555574,2.760027122984422,-0.05480651994555574,0.2123997287701558
0.388,21.13700363688273,0.1632184540296957,-48.15158233913158,2.862996363117272,-0.04815158233913158,0.2113700363688273
0.39,21.0474078632546,0.1690362815911865,-41.43779704135944,2.952592136745402,-0.04143779704135944,0.210474078632546
0.392,20.97127516040461,0.1750198464023959,-34.69290520165019,3.028724839595395,-0.03469290520165019,0.2097127516040461
0.394,20.90864074112782,0.1811421768071262,-27.94423060415194,3.091359258872185,-0.02794423060415194,0.2090864074112782
0.396,20.8594848547293,0.1873762889091617,-21.21855963813127,3.140515145270697,-0.02121855963813127,0.208594848547293
0.398,20.82373554586861,0.1936952870706566,-14.54206838802952,3.176264454131392,-0.01454206838802952,0.2082373554586861
0.4,20.80126865042714,0.2000724752456567,-7.940211258614633,3.198731349572864,-0.007940211258614632,0.2080126865042714
0.402,20.79191014924585,0.206481454724648,-1.437646767810469,3.208089850754153,-0.001437646767810469,0.2079191014924585
0.404,20.79543767642714,0.2128962202796958,4.941843515424371,3.204562323572862,0.004941843515424371,0.2079543767642714
0.406,20.81158182246018,0.2192912668866706,11.17544866206882,3.188418177539823,0.01117544866206882,0.2081158182246018
0.408,20.84002915605041,0.2256416611705303,17.24136961002618,3.159970843949591,0.01724136961002617,0.2084002915605041
0.41,20.88042313603881,0.2319231530976542,23.11892173726618,3.119576863961193,0.02311892173726618,0.2088042313603881
0.412,20.93236749833755,0.2381122339963582,28.78855901298266,3.067632501662448,0.02878855901298266,0.2093236749833755
0.414,20.99542776182454,0.2441862344021522,34.23195678390681,3.004572238175459,0.03423195678390681,0.2099542776182454
0.416,21.06913415952305,0.2501233880044695,39.432046409239,2.930865840476947,0.039432046409239,0.2106913415952305
0.418,21.15298422033619,0.2559028928266843,44.37305062332239,2.847015779663813,0.04437305062332239,0.2115298422033619
0.42,21.24644492771624,0.2615049999886566,49.04055071149418,2.753555072283763,0.04904055071149419,0.2124644492771624
0.422,21.34895614607746,0.2669110339928243,53.42147253204965,2.651043853922538,0.05342147253204965,0.2134895614607746
0.424,21.45993268440131,0.2721034842368768,57.50415739286368,2.540067315598687,0.05750415739286369,0.2145993268440131
0.426,21.57876766023952,0.2770660173621435,61.2783407597483,2.421232339760483,0.06127834075974831,0.2157876766023952
0.428,21.70483496027227,0.2817835420950949,64.73519249237222,2.295165039727735,0.06473519249237222,0.2170483496027227
0.43,21.83749228323263,0.2862422367674493,67.86731393512294,2.162507716767369,0.06786731393512294,0.2183749228323263
0.432,21.97608398360394,0.2904295656161988,70.66872578015936,2.023916016396061,0.07066872578015937,0.2197608398360394
0.434,22.11994384266906,0.294334337036287,73.13489860959635,1.880056157330937,0.07313489860959635,0.2211994384266906
0.436,22.26839802627351,0.2979466764789108,75.26269621617573,1.731601973726491,0.07526269621617573,0.2226839802627351
0.438,22.42076783864156,0.3012580825294396,77.05040414302405,1.579232161358441,0.07705040414302405,0.2242076783864156
0.44,22.57637252441622,0.3042613992426257,78.49767399846353,1.423627475583778,0.07849767399846352,0.2257637252441622
0.442,22.73453198352329,0.3069508380331775,79.60551819794459,1.265468016476706,0.07960551819794459,0.2273453198352329
0.444,22.89456953548208,0.3093219713708683,80.3762760160475,1.105430464517919,0.08037627601604749,0.2289456953548208
0.446,23.05581431676415,0.3113717057351834,80.81356256754188,0.9441856832358511,0.08081356256754188,0.2305581431676415
0.448,23.21760418876644,0.3130983018660012,80.92225997833683,0.7823958112335632,0.08092225997833682,0.2321760418876644
0.45,23.37928772705186,0.3145013134430575,80.70843617253884,0.6207122729481362,0.08070843617253884,0.2337928772705186
0.452,23.54022703891309,0.3155816007095082,80.17933032037739,0.4597729610869123,0.08017933032037738,0.2354022703891309
0.454,23.69979967454216,0.3163412739277728,79.34327718235114,0.3002003254578369,0.07934327718235115,0.2369979967454216
0.456,23.85740091771017,0.3167836732154435,78.20966403834181,0.1425990822898271,0.07820966403834181,0.2385740091771017
0.458,24.01244599975274,0.3169133346558711,76.78887465834372,-0.0124459997527353,0.07678887465834372,0.2401244599975274
0.46,24.16437152456102,0.3167359299823953,75.09221473678515,-0.164371524561016,0.07509221473678515,0.2416437152456102
0.462,24.3126380305351,0.3162582503377316,73.13187003238056,-0.3126380305351013,0.07313187003238056,0.243126380305351
0.464,24.45673080362253,0.3154881261102791,70.92081807405381,-0.456730803622527,0.07092081807405382,0.2445673080362253
0.466,24.59616217303132,0.3144344015518764,68.47277982156317,-0.596162173031324,0.06847277982156316,0.2459616217303132
0.468,24.73047241223285,0.3131068625036507,65.80213838132212,-0.730472412232853,0.06580213838132212,0.2473047241223285
0.47,24.85923109820465,0.3115161847448697,62.92387376282324,-0.8592310982046456,0.06292387376282324,0.2485923109820465
0.472,24.98203862359837,0.3096738802597918,59.85349402380802,-0.982038623598374,0.05985349402380802,0.2498203862359837
0.474,25.09852638264607,0.3075922204881781,56.60695666171744,-1.098526382646071,0.05660695666171744,0.2509852638264607
0.476,25.20835862009951,0.3052841907625948,53.2006045615997,-1.208358620099506,0.0532006045615997,0.2520835862009951
0.478,25.31123209964237,0.3027634075930484,49.65108659662465,-1.311232099642371,0.04965108659662465,0.2531123209964237
0.48,25.40687747203019,0.3000440654092055,45.9752906889036,-1.406877472030189,0.0459752906889036,0.2540687747203019
0.482,25.49505922191714,0.2971408611981902,42.19026897901878,-1.495059221917138,0.04219026897901879,0.2549505922191714
0.484,25.57557586053429,0.2940689283917845,38.31316978644161,-1.575575860534286,0.03831316978644161,0.2557557586053429
0.486,25.64826068029859,0.290843771130982,34.36116432799601,-1.648260680298595,0.03436116432799602,0.256482606802986
0.488,25.71298073500673,0.2874811905308153,30.35138318074798,-1.712980735006727,0.03035138318074798,0.2571298073500673
0.49,25.76963776900973,0.2839972207691327,26.30084307903541,-1.769637769009726,0.02630084307903541,0.2576963776900973
0.492,25.81816696538376,0.2804080579177348,22.22638826389717,-1.81816696538376,0.02222638826389717,0.2581816696538376
0.494,25.85853722727374,0.2767299945240264,18.14462225128893,-1.858537227273743,0.01814462225128893,0.2585853722727374
0.496,25.89075034058012,0.272979351411783,14.07184800598182,-1.890750340580116,0.01407184800598182,0.2589075034058012
0.498,25.9148401022121,0.2691724159469874,10.02401492486649,-1.914840102212096,0.01002401492486649,0.2591484010221209
0.5,25.93087226324744,0.2653253719466333,6.016649314158906,-1.930872263247437,0.006016649314158906,0.2593087226324744
0.502,25.93894267437481,0.2614542461525501,2.064819408801988,-1.938942674374815,0.002064819408801988,0.2593894267437482
0.504,25.93917723026212,0.2575748387252085,-1.816933577412694,-1.939177230262125,-0.001816933577412694,0.2593917723026212
0.506,25.93173004656375,0.2537026733516856,-5.614627113951887,-1.93173004656375,-0.005614627113951887,0.2593173004656375
0.508,25.91678275135928,0.2498529361682119,-9.314891345380911,-1.916782751359282,-0.00931489134538091,0.2591678275135928
0.51,25.89454309178524,0.246040422036498,-12.90500888135443,-1.894543091785241,-0.01290500888135443,0.2589454309178524
0.512,25.86524337009579,0.2422794914864832,-16.37294221447472,-1.865243370095794,-0.01637294221447472,0.2586524337009579
0.514,25.82913955868688,0.2385840070958155,-19.70738849105336,-1.829139558686883,-0.01970738849105336,0.2582913955868688
0.516,25.78650917685334,0.2349673078339517,-22.89778393458167,-1.78650917685334,-0.02289778393458167,0.2578650917685334
0.518,25.73765034037983,0.2314421480277256,-25.93435537607275,-1.73765034037983,-0.02593435537607275,0.2573765034037983
0.52,25.68287975271125,0.2280206728447489,-28.80812468236365,-1.682879752711251,-0.02880812468236366,0.2568287975271125
0.522,25.62253131398466,0.2247143751857554,-31.51093795409115,-1.622531313984656,-0.03151093795409116,0.2562253131398465
0.524,25.55695442839644,0.2215340603695127,-34.03548391445169,-1.556954428396441,-0.03403548391445169,0.2555695442839644
0.526,25.48651217625148,0.2184898301663666,-36.37529159614816,-1.486512176251477,-0.03637529159614816,0.2548651217625147
0.528,25.41157984623838,0.2155910350312235,-38.52476343116026,-1.411579846238379,-0.03852476343116026,0.2541157984623838
0.53,25.33254294955106,0.2128462769091306,-40.47915258638002,-1.332542949551062,-0.04047915258638002,0.2533254294955106
0.532,25.24979569788999,0.2102633677957874,-42.23458918311251,-1.249795697889994,-0.04223458918311251,0.2524979569788999
0.534,25.16373913422466,0.2078493297936016,-43.788061548645,-1.163739134224659,-0.04378806154864501,0.2516373913422466
0.536,25.07477949016145,0.205610377974403,-45.13741692721146,-1.074779490161447,-0.04513741692721146,0.2507477949016145
0.538,24.98332642535915,0.2035519044546966,-46.28135979889489,-0.9833264253591452,-0.04628135979889489,0.2498332642535915
0.54,24.88979138980386,0.201678491174853,-47.21942272318566,-0.8897913898038645,-0.04721942272318566,0.2488979138980386
0.542,24.79458588133792,0.1999938836520041,-47.95197516137512,-0.7945858813379232,-0.04795197516137512,0.2479458588133792
0.544,24.698119916366,0.1985010177130111,-48.48018145064894,-0.6981199163660001,-0.04848018145064895,0.24698119916366
0.546,24.60080033769645,0.1972020033782557,-48.80599999870877,-0.6008003376964517,-0.04880599999870877,0.2460080033769645
0.548,24.50302932038312,0.1960981451527049,-48.93214805112628,-0.5030293203831171,-0.04893214805112628,0.2450302932038312
0.55,24.40520292356821,0.1951899519105612,-48.86207732512094,-0.4052029235682078,-0.04886207732512093,0.2440520292356821
0.552,24.30770944831482,0.1944771392659862,-48.59995521716201,-0.3077094483148173,-0.04859995521716201,0.2430770944831482
0.554,24.21092836926933,0.1939586661071236,-48.15061758556968,-0.2109283692693289,-0.04815061758556968,0.2421092836926933
0.556,24.11522863093588,0.193632731376444,-47.51955493291485,-0.115228630935885,-0.04751955493291485,0.2411522863093588
0.5580000000000001,24.02096776379539,0.1934968167561518,-46.71286088180215,-0.02096776379539378,-0.04671286088180215,0.240209677637954
0.5600000000000001,23.92849041051371,0.1935476955668317,-45.7372085383054,0.07150958948628627,-0.0457372085383054,0.2392849041051371
0.5620000000000001,23.83812733636154,0.1937814670310748,-44.59980633254065,0.1618726636384551,-0.04459980633254065,0.2383812733636154
0.5639999999999999,23.75019453331848,0.1941935875952427,-43.30835773794203,0.2498054666815221,-0.04330835773794203,0.2375019453331848
0.5659999999999999,23.66499183582947,0.1947788892820205,-41.87102907627424,0.335008164170528,-0.04187102907627424,0.2366499183582947
0.5679999999999999,23.58280264737488,0.1955316298684056,-40.29639660534315,0.41719735262512,-0.04029639660534315,0.2358280264737488
0.57,23.50389254355056,0.1964455103184136,-38.59341511709205,0.4961074564494368,-0.03859341511709205,0.2350389254355056
0.572,23.42850908089212,0.1975137240415216,-36.77136676739951,0.5714909191078839,-0.0367713667673995,0.2342850908089212
0.574,23.35688083621636,0.1987289851262551,-34.8398232359085,0.6431191637836378,-0.03483982323590851,0.2335688083621636
0.576,23.28921696732569,0.2000835701075027,-32.80859956575419,0.7107830326743141,-0.03280859956575419,0.2328921696732568
0.578,23.22570699429057,0.2015693593213875,-30.68771062151823,0.7742930057094277,-0.03068771062151823,0.2322570699429057
0.58,23.16651990894538,0.2031778702304382,-28.48732885901553,0.8334800910546249,-0.02848732885901553,0.2316651990894537
0.582,23.11180459273779,0.2049003066153618,-26.21773931201601,0.8881954072622129,-0.02621773931201601,0.2311180459273779
0.584,23.06168897917557,0.2067275922318204,-23.88929755993532,0.9383110208244254,-0.02388929755993532,0.2306168897917557
0.586,23.01628046521772,0.2086504175858047,-21.51238706637246,0.9837195347822849,-0.02151238706637246,0.2301628046521771
0.588,22.97566561026804,0.2106592781951542,-19.09737790752619,1.024334389731962,-0.01909737790752619,0.2297566561026804
0.59,22.93991020810548,0.2127445175491084,-16.65458453194638,1.060089791894519,-0.01665458453194638,0.2293991020810548
0.592,22.90905973081101,0.2148963678482206,-14.19422945988949,1.090940269188987,-0.01419422945988949,0.2290905973081101
0.594,22.8831390175849,0.2171049912415977,-11.72639893425134,1.116860982415098,-0.01172639893425134,0.228831390175849
0.596,22.86215321130843,0.2193605194207529,-9.261012692331427,1.137846788691572,-0.009261012692331427,0.2286215321130843
0.598,22.84608756943899,0.2216530944668176,-6.807781227572251,1.153912430561011,-0.006807781227572252,0.2284608756943899
0.6,22.83490831338711,0.2239729066153789,-4.376176518492175,1.16509168661289,-0.004376176518492175,0.2283490831338711
0.602,22.82856296701152,0.226310231996032,-1.975397674083279,1.171437032988475,-0.001975397674083279,0.2282856296701153
0.604,22.82698084969219,0.2286554717660705,0.3856632691486284,1.173019150307812,0.0003856632691486284,0.2282698084969219
0.606,22.83007402326106,0.2309991826661592,2.698442433548581,1.169925976738938,0.002698442433548581,0.2283007402326106
0.608,22.83773753749766,0.2333321185745741,4.954743199597488,1.162262462502344,0.004954743199597489,0.2283773753749766
0.61,22.84985065135923,0.2356452550561354,7.14674854254313,1.150149348640774,0.00714674854254313,0.2284985065135923
0.612,22.86627723572998,0.2379298279247798,9.267055567480003,1.133722764270019,0.009267055567480004,0.2286627723572998
0.614,22.88686686367838,0.2401773582215877,11.30868958480391,1.113133136321622,0.01130868958480391,0.2288686686367838
0.616,22.91145562086112,0.242379680114259,13.26512390564785,1.088544379138881,0.01326512390564785,0.2291145562086112
0.618,22.93986692070924,0.2445289718708343,15.13030266374188,1.060133079290761,0.01513030266374188,0.2293986692070924
0.62,22.9719128431436,0.2466177603197491,16.89863188831312,1.028087156856405,0.01689863188831311,0.229719128431436
0.622,23.00739464493973,0.2486389671744283,18.56502072503097,0.9926053550602703,0.01856502072503097,0.2300739464493973
0.624,23.04610391073494,0.2505859227385376,20.12488363118822,0.9538960892650579,0.02012488363118822,0.2304610391073494
0.626,23.08782340846197,0.2524523851382404,21.5741510536207,0.912176591538028,0.0215741510536207,0.2308782340846197
0.628,23.13232804784188,0.2542325701645019,22.90928968608311,0.8676719521581191,0.02290928968608311,0.2313232804784188
0.63,23.17938582336494,0.2559211777158479,24.12731948219859,0.8206141766350648,0.02412731948219859,0.2317938582336493
0.632,23.22876009459085,0.2575133088630625,25.22570791715398,0.7712399054091534,0.02522570791715398,0.2322876009459085
0.634,23.28021016839934,0.2590045179157545,26.20241623176117,0.7197898316006643,0.02620241623176117,0.2328021016839933
0.636,23.33349065463435,0.2603909540306852,27.05604748434165,0.6665093453656468,0.02705604748434165,0.2333349065463435
0.638,23.38835424706124,0.2616692010185316,27.7856585479192,0.611645752938756,0.0277856585479192,0.2338835424706124
0.64,23.4445522885429,0.2628363039179624,28.3907810325334,0.5554477114571021,0.0283907810325334,0.234445522885429
0.642,23.5018357772773,0.2638899087357865,28.87155096301353,0.4981642227227034,0.02887155096301353,0.235018357772773
0.644,23.55995638035317,0.264828109438752,29.2285456352202,0.4400436196468256,0.0292285456352202,0.2355995638035318
0.646,23.61866734773357,0.2656493695324069,29.46269605507121,0.3813326522664333,0.02946269605507121,0.2361866734773357
0.648,23.67772486326148,0.2663528357932197,29.57558716060488,0.3222751367385221,0.02957558716060488,0.2367772486326148
0.65,23.73688855739476,0.2669380850179539,29.56919944400627,0.2631114426052363,0.02956919944400627,0.2373688855739476
0.652,23.79592103111291,0.2674050415157051,29.44583120457595,0.2040789688870852,0.02944583120457595,0.2379592103111292
0.654,23.8545920362326,0.2677542715861302,29.20835122380419,0.1454079637674006,0.02920835122380419,0.238545920362326
0.656,23.91267707008097,0.2679867664156966,28.8599957148869,0.08732292991903279,0.0288599957148869,0.2391267707008097
0.658,23.96995611675663,0.2681038029069755,28.4042417394092,0.03004388324336915,0.0284042417394092,0.2396995611675663
0.66,24.02621950304004,0.2681072731394017,27.84507810900133,-0.02621950304003562,0.02784507810900133,0.2402621950304004
0.662,24.08126547084953,0.2679994528305691,27.18679812207386,-0.08126547084952662,0.02718679812207386,0.2408126547084953
0.664,24.13489818738981,0.2677828819837456,26.43390010984753,-0.1348981873898083,0.02643390010984753,0.2413489818738981
0.666,24.18693436012166,0.2674606162171866,25.59127261597005,-0.1869343601216578,0.02559127261597005,0.2418693436012166
0.668,24.23720062901448,0.2670360619379395,24.6640556477947,-0.237200629014481,0.0246640556477947,0.2423720062901448
0.67,24.28553136091119,0.2665128698617207,23.65755625260879,-0.2855313609111931,0.02365755625260879,0.2428553136091119
0.672,24.33177388554081,0.2658950736024542,22.57733474704618,-0.3317738855408052,0.02257733474704618,0.2433177388554081
0.674,24.37578784261787,0.265187029552466,21.42915112628724,-0.3757878426178749,0.02142915112628724,0.2437578784261787
0.676,24.41744192277798,0.2643933009452368,20.21888171745709,-0.4174419227779751,0.02021888171745709,0.2441744192277797
0.678,24.45661747507655,0.2635187143246198,18.95253957385434,-0.4566174750765484,0.01895253957385434,0.2445661747507655
0.68,24.4932101407946,0.2625683659068978,17.63626449895186,-0.493210140794595,0.01763626449895186,0.2449321014079459
0.6820000000000001,24.52712559176564,0.2615475093933446,16.2762534756882,-0.527125591765639,0.0162762534756882,0.2452712559176564
0.6840000000000001,24.55828128747428,0.2604615610544719,14.87874817972909,-0.5582812874742835,0.01487874817972909,0.2455828128747428
0.6860000000000001,24.58661039100112,0.2593161335191164,13.45002960910521,-0.5866103910011198,0.01345002960910521,0.2458661039100112
0.6879999999999999,24.61205669186413,0.2581169396422911,11.99637272364976,-0.612056691864133,0.01199637272364976,0.2461205669186413
0.6899999999999999,24.63457457530316,0.2568697729247991,10.52402717176751,-0.6345745753031622,0.01052402717176751,0.2463457457530316
0.6919999999999999,24.6541348224873,0.2555805347521585,9.039186527285553,-0.6541348224872969,0.009039186527285553,0.246541348224873
0.694,24.67071901765089,0.2542551643129835,7.547974136474622,-0.6707190176508888,0.007547974136474622,0.2467071901765089
0.696,24.68431801803554,0.2528996162055093,6.056436025153905,-0.6843180180355368,0.006056436025153905,0.2468431801803554
0.698,24.69493900440458,0.2515198572086802,4.570467164634357,-0.6949390044045849,0.004570467164634356,0.2469493900440458
0.7,24.70259970589514,0.2501218272769195,3.09583021796811,-0.7025997058951354,0.00309583021796811,0.2470259970589513
0.702,24.70732577560787,0.2487114311281546,1.638173372075863,-0.7073257756078704,0.001638173372075863,0.2470732577560787
0.704,24.7091583925856,0.2472944889000138,0.2029049741578415,-0.7091583925856,0.0002029049741578415,0.247091583925856
0.706,24.70814861207485,0.2458767303686906,-1.204755752057973,-0.7081486120748544,-0.001204755752057973,0.2470814861207485
0.708,24.70435408632235,0.2444638111184051,-2.579729744818376,-0.7043540863223505,-0.002579729744818376,0.2470435408632235
0.71,24.69784655816066,0.2430612106342552,-3.917254947351428,-0.6978465581606592,-0.003917254947351428,0.2469784655816066
0.712,24.68870643385305,0.2416742613480383,-5.212802990492205,-0.6887064338530458,-0.005212802990492205,0.2468870643385305
0.714,24.67702008394387,0.2403081803836695,-6.462020455769268,-0.6770200839438729,-0.006462020455769268,0.2467702008394387
0.716,24.66288504599208,0.2389679448347675,-7.660905625153258,-0.6628850459920805,-0.007660905625153258,0.2466288504599208
0.718,24.64640661352133,0.2376583266001217,-8.805739535091616,-0.6464066135213322,-0.008805739535091617,0.2464640661352133
0.72,24.62769534591141,0.2363839368119915,-9.893016647122638,-0.6276953459114125,-0.009893016647122638,0.2462769534591141
0.722,24.60686961583645,0.2351491186681621,-10.91957749020236,-0.6068696158364482,-0.01091957749020236,0.2460686961583645
0.724,24.58405452775398,0.2339579468262327,-11.8825984513071,-0.5840545277539775,-0.0118825984513071,0.2458405452775398
0.726,24.55937932208404,0.2328142962769654,-12.77949694387501,-0.5593793220840411,-0.01277949694387501,0.2455937932208404
0.728,24.53297819533919,0.2317217671324575,-13.60801482093446,-0.5329781953391937,-0.01360801482093446,0.2453297819533919
0.73,24.50499047069435,0.2306836347227508,-14.36626998419271,-0.5049904706943487,-0.01436626998419271,0.2450499047069435
0.732,24.47555824888343,0.2297029431028823,-15.05263938595205,-0.4755582488834342,-0.01505263938595205,0.2447555824888343
0.734,24.44482624206901,0.2287824695088055,-15.66579291188455,-0.4448262420690092,-0.01566579291188455,0.2444482624206901
0.736,24.41294224951504,0.2279246224096706,-16.20480008547975,-0.4129422495150372,-0.01620480008547975,0.2441294224951504
0.738,24.38005533333191,0.2271315563899767,-16.66899694334245,-0.3800553333319137,-0.01666899694334245,0.2438005533333191
0.74,24.34631530339871,0.2264051771048788,-17.05797592910832,-0.3463153033987147,-0.01705797592910832,0.2434631530339871
0.742,24.31187275250352,0.2257469932500946,-17.3717342749406,-0.3118727525035219,-0.0173717342749406,0.2431187275250352
0.744,24.27687794406204,0.2251582471516773,-17.61053228894316,-0.2768779440620435,-0.01761053228894316,0.2427687794406204
0.746,24.24148044774899,0.2246399558289202,-17.77484864856962,-0.2414804477489874,-0.01777484864856962,0.2424148044774899
0.748,24.20582821992015,0.2241927287956409,-17.86555340356055,-0.2058282199201464,-0.01786555340356055,0.2420582821992015
0.75,24.1700672975786,0.2238169073558909,-17.88376561989508,-0.1700672975786013,-0.01788376561989508,0.241700672975786
0.752,24.13434193600915,0.2235126338746094,-17.83078548548209,-0.1343419360091502,-0.01783078548548209,0.2413434193600915
0.754,24.09879244915156,0.2232796506151919,-17.70827387632371,-0.09879244915156349,-0.0177082738763237,0.2409879244915156
0.756,24.06355571985427,0.2231174403703845,-17.51811682815821,-0.06355571985427488,-0.01751811682815821,0.2406355571985427
0.758,24.02876604555483,0.2230253140985296,-17.26234635701868,-0.02876604555483198,-0.01726234635701868,0.2402876604555483
0.76,23.99455166253151,0.223002207006157,-16.9433096191581,0.005448337468489939,-0.0169433096191581,0.2399455166253151
0.762,23.96103613048934,0.223046819177619,-16.56354212727432,0.03896386951066333,-0.01656354212727432,0.2396103613048934
0.764,23.9283393614649,0.2231576829833561,-16.12571063129292,0.07166063853509641,-0.01612571063129292,0.239283393614649
0.766,23.89657412652868,0.2233330280868145,-15.63271317847231,0.1034258734713198,-0.01563271317847231,0.2389657412652868
0.768,23.86584706422171,0.2235708585629939,-15.08761207922321,0.1341529357782854,-0.01508761207922321,0.2386584706422172
0.77,23.83626013377011,0.2238690242651584,-14.49357707254276,0.1637398662298857,-0.01449357707254276,0.2383626013377012
0.772,23.8079078609259,0.2242251503801971,-13.85392822906192,0.1920921390740951,-0.01385392822906192,0.2380790786092591
0.774,23.7808771767655,0.2246366551339817,-13.17211663367332,0.2191228232344997,-0.01317211663367332,0.237808771767655
0.776,23.75524949406417,0.225100826013083,-12.45166892755872,0.2447505059358299,-0.01245166892755872,0.2375524949406417
0.778,23.73109894900026,0.2256147943508175,-11.6961951391851,0.2689010509997374,-0.0116961951391851,0.2373109894900026
0.78,23.70849087674643,0.2261755183754535,-10.90939039201089,0.2915091232535651,-0.01090939039201089,0.2370849087674644
0.782,23.68748446707991,0.2267798557126024,-10.09498895819669,0.3125155329200879,-0.01009498895819669,0.2368748446707991
0.784,23.66813209299216,0.2274245658713548,-9.256755058566741,0.3318679070078439,-0.00925675505856674,0.2366813209299216
0.786,23.65047648319236,0.2281062812809932,-8.398483550930369,0.3495235168076434,-0.008398483550930369,0.2365047648319236
0.788,23.63455383904136,0.2288215689300565,-7.523969460357161,0.365446160958637,-0.007523969460357161,0.2363455383904136
0.79,23.62039418774007,0.229566945382089,-6.636996495311659,0.379605812259932,-0.006636996495311659,0.2362039418774007
0.792,23.60801749669585,0.230338854582419,-5.74132038453945,0.3919825033041526,-0.00574132038453945,0.2360801749669585
0.794,23.59743708708406,0.2311337133910132,-4.840657479827398,0.4025629129159434,-0.004840657479827398,0.2359743708708406
0.796,23.58866083959492,0.2319479264577259,-3.938681938223332,0.4113391604050776,-0.003938681938223332,0.2358866083959492
0.798,23.58168661131916,0.2327778846966603,-3.038981416531306,0.4183133886808399,-0.003038981416531306,0.2358168661131916
0.8,23.57650576017427,0.2336199915677211,-2.145066034021592,0.4234942398257253,-0.002145066034021592,0.2357650576017427
0.802,23.57310496382776,0.2344706683541458,-1.260381284131806,0.4268950361722439,-0.001260381284131806,0.2357310496382776
0.804,23.57146135175392,0.235326381947911,-0.3882315696281946,0.4285386482460787,-0.0003882315696281946,0.2357146135175392
0.806,23.57154595609611,0.2361836507991496,0.4681912381885311,0.4284540439038906,0.0004681912381885311,0.2357154595609611
0.8080000000000001,23.57332587543694,0.2370390344948247,1.305775740455234,0.426674124563057,0.001305775740455234,0.2357332587543694
0.8100000000000001,23.57675953179502,0.2378891944115372,2.121599093587001,0.4232404682049768,0.002121599093587001,0.2357675953179502
0.8120000000000001,23.58180003755387,0.2387308773563114,2.912876980772722,0.4181999624461277,0.002912876980772722,0.2358180003755387
0.8139999999999999,23.58839666630522,0.2395609002741022,3.676933611049926,0.411603333694778,0.003676933611049926,0.2358839666630522
0.8159999999999999,23.59649214424271,0.2403762153546633,4.411293912236158,0.4035078557572866,0.004411293912236158,0.2359649214424271
0.8179999999999999,23.60602418025375,0.2411738998348847,5.113658032347201,0.3939758197462453,0.005113658032347201,0.2360602418025375
0.82,23.6169271527767,0.2419511283822744,5.781856854507411,0.3830728472232963,0.005781856854507411,0.236169271527767
0.822,23.62913082402306,0.2427052280578174,6.413919817586766,0.3708691759769351,0.006413919817586766,0.2362913082402306
0.824,23.64256061056625,0.2434336901273546,7.008084021692146,0.3574393894337504,0.007008084021692146,0.2364256061056625
0.826,23.65713929345641,0.2441341273770277,7.562734442463636,0.3428607065435898,0.007562734442463637,0.2365713929345641
0.828,23.67278668523274,0.2448043100473674,8.076443195039944,0.3272133147672562,0.008076443195039945,0.2367278668523274
0.83,23.68941926810176,0.2454422071074627,8.548014426445095,0.3105807318982414,0.008548014426445094,0.2368941926810176
0.832,23.70695172344335,0.2460459286599986,8.976411425565155,0.2930482765566538,0.008976411425565156,0.2370695172344335
0.834,23.72529712321695,0.2466137386631,9.360767430930533,0.2747028767830528,0.009360767430930533,0.2372529712321695
0.836,23.74436647849667,0.2471441266937679,9.700461908801222,0.2556335215033343,0.009700461908801222,0.2374436647849666
0.838,23.7640699292387,0.2476357375721696,9.99503827978257,0.2359300707612952,0.00999503827978257,0.237640699292387
0.84,23.78431709406886,0.2480873606381638,10.24418969747512,0.2156829059311356,0.01024418969747512,0.2378431709406886
0.842,23.8050169537121,0.2484980280690923,10.44785853197133,0.1949830462879021,0.01044785853197133,0.238050169537121
0.844,23.82607859463492,0.2488669352176534,10.60614927130418,0.1739214053650784,0.01060614927130418,0.2382607859463492
0.846,23.84741143114373,0.2491934092103648,10.71929489892751,0.1525885688562703,0.01071929489892751,0.2384741143114373
0.848,23.86892571369015,0.2494770264901672,10.78776935326567,0.1310742863098469,0.01078776935326567,0.2386892571369015
0.85,23.89053277434567,0.2497175281188374,10.81220037538075,0.1094672256543312,0.01081220037538075,0.2389053277434567
0.852,23.91214492240963,0.2499147724870475,10.79332326295121,0.08785507759036548,0.01079332326295121,0.2391214492240963
0.854,23.9336767319397,0.2500688628830832,10.73209556368623,0.06632326806030164,0.01073209556368623,0.239336767319397
0.856,23.95504477713241,0.2501800614313901,10.62961366006604,0.04495522286759268,0.01062961366006604,0.2395504477713241
0.858,23.97616714127428,0.2502487356847425,10.48706427199966,0.02383285872571861,0.01048706427199966,0.2397616714127428
0.86,23.99696540798595,0.2502754787499634,10.30582467010391,0.003034592014053317,0.01030582467010391,0.2399696540798595
0.862,24.0173639525833,0.2502610304070634,10.08739088123045,-0.01736395258329892,0.01008739088123045,0.240173639525833
0.864,24.03728938150457,0.2502062368755995,9.833343060553807,-0.03728938150457139,0.009833343060553806,0.2403728938150457
0.866,24.05667235345889,0.2501121211806614,9.545397646072457,-0.0566723534588931,0.009545397646072457,0.2405667235345889
0.868,24.07544729306206,0.2499798509042983,9.225377973677757,-0.07544729306205511,0.009225377973677756,0.2407544729306205
0.87,24.09355147629875,0.2498106905111314,8.875175748143949,-0.09355147629874594,0.008875175748143949,0.2409355147629875
0.872,24.11092642762984,0.2496060365224468,8.496772246148337,-0.1109264276298418,0.008496772246148337,0.2411092642762984
0.874,24.12751833652298,0.2493674176015215,8.092234236291684,-0.1275183365229786,0.008092234236291684,0.2412751833652298
0.876,24.1432767633126,0.2490964448878889,7.663677254762913,-0.1432767633125991,0.007663677254762913,0.241432767633126
0.878,24.15815545296305,0.2487948221776913,7.213267648060794,-0.1581554529630509,0.007213267648060795,0.2415815545296305
0.88,24.17211355296271,0.2484643639287082,6.743228399081119,-0.1721135529627134,0.006743228399081119,0.2417211355296271
0.882,24.18511397164,0.2481069486155827,6.255808899182619,-0.1851139716400034,0.006255808899182619,0.2418511397164
0.884,24.19712356183134,0.2477245138606308,5.753278242317389,-0.1971235618313401,0.005753278242317389,0.2419712356183134
0.886,24.20811509242889,0.2473190792624907,5.237928338201747,-0.2081150924288906,0.005237928338201747,0.2420811509242889
0.888,24.21806533361324,0.2468927069113414,4.71205357520904,-0.2180653336132359,0.004712053575209041,0.2421806533361324
0.89,24.22695465233215,0.2464474903539857,4.177943830664166,-0.2269546523321537,0.004177943830664166,0.2422695465233215
0.892,24.23476958383376,0.2459855714721213,3.637875633783705,-0.2347695838337636,0.003637875633783705,0.2423476958383376
0.894,24.24150074474632,0.2455091111561792,3.094103708716017,-0.2415007447463218,0.003094103708716017,0.2424150074474632
0.896,24.2471419454319,0.2450202793840284,2.548859929709435,-0.2471419454318955,0.002548859929709435,0.242471419454319
0.898,24.25169314239055,0.244521258281539,2.004326857633576,-0.2516931423905469,0.002004326857633576,0.2425169314239055
0.9,24.25515829144502,0.2440142247036092,1.46264178915903,-0.2551582914450172,0.00146264178915903,0.2425515829144502
0.902,24.25754412027567,0.2435013468057385,0.9259056029818358,-0.2575441202756714,0.0009259056029818358,0.2425754412027567
0.904,24.25886321471314,0.2429847685301887,0.396136383057355,-0.2588632147131378,0.000396136383057355,0.2425886321471314
0.906,24.259131881873,0.2424666049789078,-0.124713839822127,-0.259131881872996,-0.000124713839822127,0.24259131881873
0.908,24.25836894426685,0.2419489470825647,-0.6347423601037183,-0.2583689442668451,-0.0006347423601037183,0.2425836894426684
0.91,24.25659831247771,0.241433829346747,-1.132153778030109,-0.2565983124777063,-0.001132153778030109,0.2425659831247771
0.912,24.25384731421138,0.2409232353061901,-1.615237835923711,-0.2538473142113808,-0.001615237835923711,0.2425384731421138
0.914,24.25014569673295,0.2404191063665676,-2.082350600761923,-0.2501456967329538,-0.002082350600761923,0.2425014569673295
0.916,24.24552704621474,0.2399233078286549,-2.531962633492507,-0.2455270462147432,-0.002531962633492507,0.2424552704621474
0.918,24.24002817567523,0.2394376291172281,-2.962652639524277,-0.2400281756752349,-0.002962652639524277,0.2424002817567524
0.92,24.23368799969153,0.2389638007111614,-3.373079285753949,-0.2336879996915293,-0.003373079285753949,0.2423368799969153
0.922,24.22654816128412,0.2385034664420826,-3.762015170758692,-0.2265481612841249,-0.003762015170758692,0.2422654816128413
0.924,24.21865309474938,0.2380581700691729,-4.128360878320858,-0.2186530947493779,-0.004128360878320858,0.2421865309474938
0.926,24.21004890938365,0.237629381508051,-4.471107585785478,-0.2100489093836515,-0.004471107585785478,0.2421004890938365
0.928,24.20078349235726,0.2372184804623792,-4.78935446119344,-0.2007834923572638,-0.00478935446119344,0.2420078349235726
0.93,24.19090688296997,0.2368267253527774,-5.082343476922241,-0.1909068829699656,-0.005082343476922241,0.2419090688296996
0.9320000000000001,24.18047028383502,0.2364552885931001,-5.349414245250067,-0.180470283835021,-0.005349414245250067,0.2418047028383502
0.9340000000000001,24.16952588776612,0.2361052538320064,-5.590005045654767,-0.1695258877661203,-0.005590005045654767,0.2416952588776612
0.9360000000000001,24.15812725108072,0.2357775669688917,-5.803705541915504,-0.1581272510807246,-0.005803705541915505,0.2415812725108072
0.9379999999999999,24.14632852368225,0.2354730790886939,-5.990206148128618,-0.1463285236822536,-0.005990206148128618,0.2414632852368225
0.9399999999999999,24.13418421078946,0.2351925572984728,-6.149284809421757,-0.1341842107894564,-0.006149284809421757,0.2413418421078946
0.9419999999999999,24.12174930348736,0.2349366204199035,-6.28087261497004,-0.1217493034873556,-0.00628087261497004,0.2412174930348736
0.944,24.10907878764678,0.2347057874163685,-6.38500046009935,-0.1090787876467836,-0.006385000460099349,0.2410907878764678
0.946,24.09622750401265,0.2345005000781099,-6.461774962016553,-0.09622750401264568,-0.006461774962016553,0.2409622750401265
0.948,24.08324987391353,0.2343210479123251,-6.511450826810205,-0.08324987391353034,-0.006511450826810206,0.2408324987391353
0.95,24.07019971474088,0.2341676194781032,-6.534377669305563,-0.07019971474088038,-0.006534377669305563,0.2407019971474088
0.952,24.0571303105116,0.2340403340181345,-6.530969086981419,-0.05713031051159589,-0.00653096908698142,0.240571303105116
0.954,24.04409365051516,0.2339391611009069,-6.501775404244653,-0.04409365051515834,-0.006501775404244653,0.2404409365051516
0.956,24.03114057035382,0.2338639738103444,-6.447431893193856,-0.03114057035382345,-0.006447431893193856,0.2403114057035382
0.958,24.0183209891556,0.2338145777068988,-6.368632184657163,-0.01832098915559754,-0.006368632184657164,0.240183209891556
0.96,24.00568286287453,0.2337906472148527,-6.26618141389268,-0.005682862874532901,-0.00626618141389268,0.2400568286287453
0.962,23.99327244798124,0.2337917626186563,-6.140961861156064,0.00672755201876285,-0.006140961861156063,0.2399327244798124
0.964,23.98113464998177,0.233817437568195,-5.993908931622633,0.01886535001823475,-0.005993908931622632,0.2398113464998176
0.966,23.96931207596277,0.2338670824317072,-5.826038327920502,0.03068792403723108,-0.005826038327920502,0.2396931207596277
0.968,23.95784502953058,0.2339400154177716,-5.63843487753421,0.04215497046941863,-0.00563843487753421,0.2395784502953058
0.97,23.94677207992502,0.2340354939681389,-5.43222683111122,0.05322792007498478,-0.00543222683111122,0.2394677207992502
0.972,23.93612936824704,0.2341526978809738,-5.208595801496601,0.06387063175295893,-0.005208595801496602,0.2393612936824704
0.974,23.92595017901829,0.2342907229428532,-4.968778847329657,0.07404982098171331,-0.004968778847329658,0.2392595017901829
0.976,23.91626574068117,0.2344486129943161,-4.714044412495566,0.08373425931883105,-0.004714044412495566,0.2391626574068117
0.978,23.90710487432494,0.2346253568761353,-4.445691867114049,0.09289512567506364,-0.004445691867114049,0.2390710487432494
0.98,23.89849309301768,0.2348198729687022,-4.165057961474622,0.1015069069823156,-0.004165057961474622,0.2389849309301768
0.982,23.89045361110002,0.2350310389977642,-3.873497113236063,0.1095463888999753,-0.003873497113236063,0.2389045361110002
0.984,23.88300735881317,0.2352576970277553,-3.572376560376317,0.1169926411868332,-0.003572376560376317,0.2388300735881317
0.986,23.87617164498866,0.2354986364856219,-3.263079964264642,0.1238283550113444,-0.003263079964264642,0.2387617164498866
0.988,23.86996132824316,0.2357526193081323,-2.946993974299317,0.1300386717568358,-0.002946993974299317,0.2386996132824316
0.99,23.86438916961051,0.2360183878469888,-2.625503849116278,0.1356108303894885,-0.002625503849116279,0.2386438916961051
0.992,23.85946415483649,0.2362946525544289,-2.299988993936047,0.1405358451635053,-0.002299988993936047,0.238594641548365
0.994,23.85519276570273,0.2365801107591596,-1.971816897867684,0.1448072342972679,-0.001971816897867684,0.2385519276570273
0.996,23.85157960648252,0.2368734533032992,-1.642342761525972,0.1484203935174833,-0.001642342761525972,0.2385157960648252
0.998,23.84862551889018,0.2371733613352808,-1.312893853620961,0.1513744811098228,-0.001312893853620961,0.2384862551889018
1,23.84632888579501,0.2374785177461041,-0.9847711118460556,0.153671114204986,-0.0009847711118460556,0.2384632888579502
1,23.84632888579501,0.2374785177461041,-0.9847711118460556,0.153671114204986,-0.0009847711118460556,0.2384632888579502
